Time(ms),Position_x,Position_y,Position_z,Rotation_x,Rotation_y,Rotation_z,Rotation_w, Speed (km/h) ,Steering Wheel Position_-1,Steering Wheel Position_1, Gas Pedal Position , Brake Pedal Position , Engine Running , Distance Ahead (meters), Time To Collision (sec) , Headway Time (sec)
1,-6.4,0.035,-430,-0.0015,1,-0.0014,0,5.25,0,0,0,TRUE,0,0,0,0.1124509
185,-6.4,0.101,-430,-0.0015,1,-0.0018,0,5.74,0,0,0,TRUE,0,0,0,0
291,-6.4,0.155,-430,-0.001,1,-0.0016,0,4.32,0,0,0,TRUE,0,0,0,0
400,-6.4,0.194,-430,-0.0005,1,-0.0014,0,2.91,0,0,0,TRUE,0,0,0,0
473,-6.4,0.216,-430,0.0,1,-0.0012,0,1.5,0,0,0,TRUE,0,0,0,0
555,-6.4,0.223,-430,0.0005,1,-0.001,0,0.08,0,0,0,TRUE,0,0,0,0
618,-6.4,0.214,-430,0.0009,1,-0.0008,0,1.32,0,0,0,TRUE,0,0,0,0
708,-6.4,0.19,-430,0.0014,1,-0.0006,0,2.73,0,0,0,TRUE,0,0,0,0
763,-6.4,0.155,-430,0.0013,1,-0.0005,0,2.67,0,0,0,TRUE,0,0,0,0
816,-6.4,0.139,-430,-0.0002,1,-0.0009,0,0.74,0,0,0,TRUE,0,0,0,0
876,-6.4,0.141,-430,-0.0011,1,-0.0011,0,0.52,0,0,0,TRUE,0,0,0,0
939,-6.401,0.148,-430,-0.0009,1,-0.0009,0,0.69,0,0,0,TRUE,0,0,0,0.105996154
1003,-6.4,0.154,-430,-0.0006,1,-0.0006,0,0.41,0,0,0,TRUE,0,0,0,-0.19977643
1068,-6.4,0.157,-430,-0.0004,1,-0.0004,0,0.13,0,0,0,TRUE,0,0,0,0
1175,-6.4,0.157,-430,-0.0004,1,-0.0004,0,0.01,0,0,0,TRUE,0,0,0,NaN
1238,-6.4,0.157,-430,-0.0004,1,-0.0004,0,0.06,0,0,0,TRUE,0,0,0,NaN
1294,-6.4,0.156,-430,-0.0004,1,-0.0005,0,0.05,0,0,0,TRUE,0,0,0,0
1357,-6.4,0.156,-430,-0.0004,1,-0.0005,0,0.02,0,0,0,TRUE,0,0,0,NaN
1414,-6.4,0.156,-430,-0.0004,1,-0.0005,0,0.01,0,0,0,TRUE,0,0,0,NaN
1475,-6.4,0.156,-430,-0.0004,1,-0.0005,0,0.01,0,0,0,TRUE,0,0,0,NaN
1547,-6.4,0.156,-430,-0.0004,1,-0.0005,0,0.01,0,0,0,TRUE,0,0,0,NaN
1605,-6.4,0.156,-430,-0.0004,1,-0.0005,0,0.01,0,0,0,TRUE,0,0,0,NaN
1659,-6.4,0.156,-430,-0.0004,1,-0.0005,0,0,0,0,0,TRUE,0,0,0,NaN
1711,-6.4,0.156,-430,-0.0004,1,-0.0005,0,0.01,0,0,0,TRUE,0,0,0,NaN
1763,-6.4,0.156,-430,-0.0004,1,-0.0005,0,0.01,0,0,0,TRUE,0,0,0,NaN
1809,-6.4,0.156,-430,-0.0004,1,-0.0005,0,0,0,0,0,TRUE,0,0,0,NaN
1890,-6.4,0.156,-430,-0.0004,1,-0.0005,0,0,0,0,0,TRUE,0,0,0,NaN
1938,-6.4,0.156,-430,-0.0004,1,-0.0005,0,0,0,0,0,TRUE,0,0,0,NaN
1995,-6.4,0.156,-430,-0.0004,1,-0.0005,0,0,0,0,0,TRUE,0,0,0,NaN
2041,-6.4,0.156,-430,-0.0004,1,-0.0005,0,0,0,0,0,TRUE,0,0,0,NaN
2086,-6.4,0.156,-430,-0.0004,1,-0.0005,0,0,0,0,0,TRUE,0,0,0,NaN
2132,-6.4,0.156,-430,-0.0004,1,-0.0005,0,0,0,0,0,TRUE,0,0,0,NaN
2177,-6.4,0.156,-430,-0.0004,1,-0.0005,0,0,0,0,0,TRUE,0,0,0,NaN
2221,-6.4,0.156,-430,-0.0004,1,-0.0005,0,0,0,0,0,TRUE,0,0,0,NaN
2269,-6.4,0.156,-430,-0.0004,1,-0.0005,0,0,0,0,0,TRUE,0,0,0,NaN
2318,-6.4,0.156,-430,-0.0004,1,-0.0005,0,0,0,0,0,TRUE,0,0,0,NaN
2363,-6.4,0.156,-430,-0.0004,1,-0.0005,0,0,0,0,0,TRUE,0,0,0,NaN
2408,-6.4,0.156,-430,-0.0004,1,-0.0005,0,0,0,0,0,TRUE,0,0,0,NaN
2453,-6.4,0.156,-430,-0.0004,1,-0.0005,0,0,0,0,0,TRUE,0,0,0,NaN
2501,-6.4,0.156,-430,-0.0004,1,-0.0005,0,0,0,0,0,TRUE,0,0,0,NaN
2551,-6.4,0.156,-430,-0.0004,1,-0.0005,0,0,0,0,0,TRUE,0,0,0,NaN
2598,-6.4,0.156,-430,-0.0004,1,-0.0005,0,0,0,0,0,TRUE,0,0,0,NaN
2693,-6.4,0.156,-430,-0.0004,1,-0.0005,0,0,0,0,0,TRUE,0,0,0,NaN
2738,-6.4,0.156,-430,-0.0004,1,-0.0005,0,0,0,0,0,TRUE,0,0,0,NaN
2782,-6.4,0.156,-430,-0.0004,1,-0.0005,0,0,0,0,0,TRUE,0,0,0,NaN
2863,-6.4,0.156,-430,-0.0004,1,-0.0005,0,0,0,0,0,TRUE,0,0,0,NaN
2909,-6.4,0.156,-430,-0.0004,1,-0.0005,0,0,0,0,0,TRUE,0,0,0,NaN
2957,-6.4,0.156,-430,-0.0004,1,-0.0005,0,0,0,0,0,TRUE,0,0,0,NaN
3001,-6.4,0.156,-430,-0.0004,1,-0.0005,0,0,0,0,0,TRUE,0,0,0,NaN
3047,-6.4,0.156,-430,-0.0004,1,-0.0005,0,0,0,0,0,TRUE,0,0,0,NaN
3092,-6.4,0.156,-430,-0.0004,1,-0.0005,0,0,0,0,0,TRUE,0,0,0,NaN
3140,-6.4,0.156,-430,-0.0004,1,-0.0005,0,0,0,0,0,TRUE,0,0,0,NaN
3185,-6.4,0.156,-430,-0.0004,1,-0.0005,0,0,0,0,0,TRUE,0,0,0,NaN
3230,-6.4,0.156,-430,-0.0004,1,-0.0005,0,0,0,0,0,TRUE,0,0,0,NaN
3277,-6.4,0.156,-430,-0.0004,1,-0.0005,0,0,0,0,0,TRUE,0,0,0,NaN
3323,-6.4,0.156,-430,-0.0004,1,-0.0005,0,0,0,0,0,TRUE,0,0,0,NaN
3368,-6.4,0.156,-430,-0.0004,1,-0.0005,0,0,0,0,0,TRUE,0,0,0,NaN
3457,-6.4,0.156,-430,-0.0004,1,-0.0005,0,0,0,0,0,TRUE,0,0,0,NaN
3500,-6.4,0.156,-430,-0.0004,1,-0.0005,0,0,0,0,0,TRUE,0,0,0,NaN
3544,-6.4,0.156,-430,-0.0004,1,-0.0005,0,0,0,0,0,TRUE,0,0,0,NaN
3590,-6.4,0.156,-430,-0.0004,1,-0.0005,0,0,0,0,0,TRUE,0,0,0,NaN
3635,-6.4,0.156,-430,-0.0004,1,-0.0005,0,0,0,0,0,TRUE,0,0,0,NaN
3679,-6.4,0.156,-430,-0.0004,1,-0.0005,0,0,0,0,0,TRUE,0,0,0,NaN
3723,-6.4,0.156,-430,-0.0004,1,-0.0005,0,0,0,0,0,TRUE,0,0,0,NaN
3767,-6.4,0.156,-430,-0.0004,1,-0.0005,0,0,0,0,0,TRUE,0,0,0,NaN
3857,-6.4,0.156,-430,-0.0004,1,-0.0005,0,0,0,0,0,TRUE,0,0,0,NaN
3906,-6.4,0.156,-430,-0.0004,1,-0.0005,0,0,0,0,0,TRUE,0,0,0,NaN
3958,-6.4,0.156,-430,-0.0004,1,-0.0005,0,0,0,0,0,TRUE,0,0,0,NaN
4012,-6.4,0.156,-430,-0.0004,1,-0.0005,0,0,0,0,0,TRUE,0,0,0,NaN
4072,-6.4,0.156,-430,-0.0004,1,-0.0005,0,0,0,0,0,TRUE,0,0,0,NaN
4137,-6.4,0.156,-430,-0.0004,1,-0.0005,0,0,0,0,0,TRUE,0,0,0,NaN
4187,-6.4,0.156,-430,-0.0004,1,-0.0005,0,0,0,0,0,TRUE,0,0,0,NaN
4233,-6.4,0.156,-430,-0.0004,1,-0.0005,0,0,0,0,0,TRUE,0,0,0,NaN
4277,-6.4,0.156,-430,-0.0004,1,-0.0005,0,0,0,0,0,TRUE,0,0,0,NaN
4322,-6.4,0.156,-430,-0.0004,1,-0.0005,0,0,0,0,0,TRUE,0,0,0,NaN
4365,-6.4,0.156,-430,-0.0004,1,-0.0005,0,0,0,0,0,TRUE,0,0,0,NaN
4409,-6.4,0.156,-430,-0.0004,1,-0.0005,0,0,0,0,0,TRUE,0,0,0,NaN
4455,-6.4,0.156,-430,-0.0004,1,-0.0005,0,0,0,0,0,TRUE,0,0,0,NaN
4502,-6.4,0.156,-430,-0.0004,1,-0.0005,0,0,0,0,0,TRUE,0,0,0,NaN
4546,-6.4,0.156,-430,-0.0004,1,-0.0005,0,0,0,0,0,TRUE,0,0,0,NaN
4591,-6.4,0.156,-430,-0.0004,1,-0.0005,0,0,0,0,0,TRUE,0,0,0,NaN
4680,-6.4,0.156,-430,-0.0004,1,-0.0005,0,0,0,0,0,TRUE,0,0,0,NaN
4724,-6.4,0.156,-430,-0.0004,1,-0.0005,0,0,0,0,0,TRUE,0,0,0,NaN
4806,-6.4,0.156,-430,-0.0004,1,-0.0005,0,0,0,0,0,TRUE,0,0,0,NaN
4852,-6.4,0.156,-430,-0.0004,1,-0.0005,0,0,0,0,0,TRUE,0,0,0,NaN
4900,-6.4,0.156,-430,-0.0004,1,-0.0005,0,0,0,0,0,TRUE,0,0,0,NaN
4958,-6.4,0.156,-430,-0.0004,1,-0.0005,0,0,0,0,0,TRUE,0,0,0,NaN
5008,-6.4,0.156,-430,-0.0004,1,-0.0005,0,0,0,0,0,TRUE,0,0,0,NaN
5054,-6.4,0.156,-430,-0.0004,1,-0.0005,0,0,0,0,0,TRUE,0,0,0,NaN
5103,-6.4,0.156,-430,-0.0004,1,-0.0005,0,0,0,0,0,TRUE,0,0,0,NaN
5158,-6.4,0.156,-430,-0.0004,1,-0.0005,0,0,0,0,0,TRUE,0,0,0,NaN
5221,-6.4,0.156,-430,-0.0004,1,-0.0005,0,0,0,0,0,TRUE,0,0,0,NaN
5271,-6.4,0.156,-430,-0.0004,1,-0.0005,0,0,0,0,0,TRUE,0,0,0,NaN
5320,-6.4,0.156,-430,-0.0004,1,-0.0005,0,0,0,0,0,TRUE,0,0,0,NaN
5371,-6.4,0.156,-430,-0.0004,1,-0.0005,0,0,0,0,0,TRUE,0,0,0,NaN
5431,-6.4,0.156,-430,-0.0004,1,-0.0005,0,0,0,0,0,TRUE,0,0,0,NaN
5479,-6.4,0.156,-430,-0.0004,1,-0.0005,0,0,0,0,0,TRUE,0,0,0,NaN
5528,-6.4,0.156,-430,-0.0004,1,-0.0005,0,0,0,0,0,TRUE,0,0,0,NaN
5578,-6.4,0.156,-430,-0.0004,1,-0.0005,0,0,0,0,0,TRUE,0,0,0,NaN
5623,-6.4,0.156,-430,-0.0004,1,-0.0005,0,0,0,0,0,TRUE,0,0,0,NaN
5671,-6.4,0.156,-430,-0.0004,1,-0.0005,0,0,0,0,0,TRUE,0,0,0,NaN
5716,-6.4,0.156,-430,-0.0004,1,-0.0005,0,0,0,0,0,TRUE,0,0,0,NaN
5762,-6.4,0.156,-430,-0.0004,1,-0.0005,0,0,0,0,0,TRUE,0,0,0,NaN
5809,-6.4,0.156,-430,-0.0004,1,-0.0005,0,0,0,0,0,TRUE,0,0,0,NaN
5855,-6.4,0.156,-430,-0.0004,1,-0.0005,0,0,0,0,0,TRUE,0,0,0,NaN
5902,-6.4,0.156,-430,-0.0004,1,-0.0005,0,0,0,0,0,TRUE,0,0,0,NaN
5949,-6.4,0.156,-430,-0.0004,1,-0.0005,0,0,0,0,0,TRUE,0,0,0,NaN
5995,-6.4,0.156,-430,-0.0004,1,-0.0005,0,0,0,0,0,TRUE,0,0,0,NaN
6051,-6.4,0.156,-430,-0.0004,1,-0.0005,0,0,0,0,0,TRUE,0,0,0,NaN
6096,-6.4,0.156,-430,-0.0004,1,-0.0005,0,0,0,0,0,TRUE,0,0,0,NaN
6142,-6.4,0.156,-430,-0.0004,1,-0.0005,0,0,0,0,0,TRUE,0,0,0,NaN
6185,-6.4,0.156,-430,-0.0004,1,-0.0005,0,0,0,0,0,TRUE,0,0,0,NaN
6273,-6.4,0.156,-430,-0.0004,1,-0.0005,0,0,0,0,0,TRUE,0,0,0,NaN
6325,-6.4,0.156,-430,-0.0004,1,-0.0005,0,0,0,0,0,TRUE,0,0,0,NaN
6400,-6.4,0.156,-430,-0.0004,1,-0.0005,0,0,0,0,0,TRUE,0,0,0,NaN
6448,-6.4,0.156,-430,-0.0004,1,-0.0005,0,0,0,0,0,TRUE,0,0,0,NaN
6491,-6.4,0.156,-430,-0.0004,1,-0.0005,0,0,0,0,0,TRUE,0,0,0,NaN
6538,-6.4,0.156,-430,-0.0004,1,-0.0005,0,0,0,0,0,TRUE,0,0,0,NaN
6582,-6.4,0.156,-430,-0.0004,1,-0.0005,0,0,0,0,0,TRUE,0,0,0,NaN
6629,-6.4,0.156,-430,-0.0004,1,-0.0005,0,0,0,0,0,TRUE,0,0,0,NaN
6676,-6.4,0.156,-430,-0.0004,1,-0.0005,0,0,0,0,0,TRUE,0,0,0,NaN
6760,-6.4,0.156,-430,-0.0004,1,-0.0005,0,0,0,0,0,TRUE,0,0,0,NaN
6809,-6.4,0.156,-430,-0.0004,1,-0.0005,0,0,0,0,0,TRUE,0,0,0,NaN
6853,-6.4,0.156,-430,-0.0004,1,-0.0005,0,0,0,0,0,TRUE,0,0,0,NaN
6898,-6.4,0.156,-430,-0.0004,1,-0.0005,0,0,0,0,0,TRUE,0,0,0,NaN
6943,-6.4,0.156,-430,-0.0004,1,-0.0005,0,0,0,0,0,TRUE,0,0,0,NaN
6988,-6.4,0.156,-430,-0.0004,1,-0.0005,0,0,0,0,0,TRUE,0,0,0,NaN
7032,-6.4,0.156,-430,-0.0004,1,-0.0005,0,0,0,0,0,TRUE,0,0,0,NaN
7077,-6.4,0.156,-430,-0.0004,1,-0.0005,0,0,0,0,0,TRUE,0,0,0,NaN
7121,-6.4,0.156,-430,-0.0004,1,-0.0005,0,0,0,0,0,TRUE,0,0,0,NaN
7165,-6.4,0.156,-430,-0.0004,1,-0.0005,0,0,0,0,0,TRUE,0,0,0,NaN
7253,-6.4,0.156,-430,-0.0004,1,-0.0005,0,0,0,0,0,TRUE,0,0,0,NaN
7297,-6.4,0.156,-430,-0.0004,1,-0.0005,0,0,0,0,0,TRUE,0,0,0,NaN
7341,-6.4,0.156,-430,-0.0004,1,-0.0005,0,0,0,0,0,TRUE,0,0,0,NaN
7391,-6.4,0.156,-430,-0.0004,1,-0.0005,0,0,0,0,0,TRUE,0,0,0,NaN
7437,-6.4,0.156,-430,-0.0004,1,-0.0005,0,0,0,0,0,TRUE,0,0,0,NaN
7483,-6.4,0.156,-430,-0.0004,1,-0.0005,0,0,0,0,0,TRUE,0,0,0,NaN
7528,-6.4,0.156,-430,-0.0004,1,-0.0005,0,0,0,0,0,TRUE,0,0,0,NaN
7572,-6.4,0.156,-430,-0.0004,1,-0.0005,0,0,0,0,0,TRUE,0,0,0,NaN
7617,-6.4,0.156,-430,-0.0004,1,-0.0005,0,0,0,0,0,TRUE,0,0,0,NaN
7661,-6.4,0.156,-430,-0.0004,1,-0.0005,0,0,0,0,0,TRUE,0,0,0,NaN
7756,-6.4,0.156,-430,-0.0004,1,-0.0005,0,0,0,0,0,TRUE,0,0,0,NaN
7807,-6.4,0.156,-430,-0.0004,1,-0.0005,0,0,0,0,0,TRUE,0,0,0,NaN
7857,-6.4,0.156,-430,-0.0004,1,-0.0005,0,0,0,0,0,TRUE,0,0,0,NaN
7906,-6.4,0.156,-430,-0.0004,1,-0.0005,0,0,0,0,0,TRUE,0,0,0,NaN
7952,-6.4,0.156,-430,-0.0004,1,-0.0005,0,0,0,0,0,TRUE,0,0,0,NaN
7997,-6.4,0.156,-430,-0.0004,1,-0.0005,0,0,0,0,0,TRUE,0,0,0,NaN
8052,-6.4,0.156,-430,-0.0004,1,-0.0005,0,0,0,0,0,TRUE,0,0,0,NaN
8097,-6.4,0.156,-430,-0.0004,1,-0.0005,0,0,0,0,0,TRUE,0,0,0,NaN
8142,-6.4,0.156,-430,-0.0004,1,-0.0005,0,0,0,0,0,TRUE,0,0,0,NaN
8187,-6.4,0.156,-430,-0.0004,1,-0.0005,0,0,0,0,0,TRUE,0,0,0,NaN
8232,-6.4,0.156,-430,-0.0004,1,-0.0005,0,0,0,0,0,TRUE,0,0,0,NaN
8276,-6.4,0.156,-430,-0.0004,1,-0.0005,0,0,0,0,0,TRUE,0,0,0,NaN
8344,-6.4,0.156,-430,-0.0004,1,-0.0005,0,0,0,0,0,TRUE,0,0,0,NaN
8404,-6.4,0.156,-430,-0.0004,1,-0.0005,0,0,0,0,0,TRUE,0,0,0,NaN
8451,-6.4,0.156,-430,-0.0004,1,-0.0005,0,0,0,0,0,TRUE,0,0,0,NaN
8496,-6.4,0.156,-430,-0.0004,1,-0.0005,0,0,0,0,0,TRUE,0,0,0,NaN
8543,-6.4,0.156,-430,-0.0004,1,-0.0005,0,0,0,0,0,TRUE,0,0,0,NaN
8589,-6.4,0.156,-430,-0.0004,1,-0.0005,0,0,0,0,0,TRUE,0,0,0,NaN
8640,-6.4,0.156,-430,-0.0004,1,-0.0005,0,0,0,0,0,TRUE,0,0,0,NaN
8694,-6.4,0.156,-430,-0.0004,1,-0.0005,0,0,0,0,0,TRUE,0,0,0,NaN
8748,-6.4,0.156,-430,-0.0004,1,-0.0005,0,0,0,0,0,TRUE,0,0,0,NaN
8797,-6.4,0.156,-430,-0.0004,1,-0.0005,0,0,0,0,0,TRUE,0,0,0,NaN
8845,-6.4,0.156,-430,-0.0004,1,-0.0005,0,0,0,0,0,TRUE,0,0,0,NaN
8891,-6.4,0.156,-430,-0.0004,1,-0.0005,0,0,0,0,0,TRUE,0,0,0,NaN
8939,-6.4,0.156,-430,-0.0004,1,-0.0005,0,0,0,0,0,TRUE,0,0,0,NaN
8988,-6.4,0.156,-430,-0.0004,1,-0.0005,0,0,0,0,0,TRUE,0,0,0,NaN
9036,-6.4,0.156,-430,-0.0004,1,-0.0005,0,0,0,0,0,TRUE,0,0,0,NaN
9094,-6.4,0.156,-430,-0.0004,1,-0.0005,0,0,0,0,0,TRUE,0,0,0,NaN
9142,-6.4,0.156,-430,-0.0004,1,-0.0005,0,0,0,0,0,TRUE,0,0,0,NaN
9212,-6.4,0.156,-430,-0.0004,1,-0.0005,0,0,0,0,0,TRUE,0,0,0,NaN
9274,-6.4,0.156,-430,-0.0004,1,-0.0005,0,0,0,0,0,TRUE,0,0,0,NaN
9334,-6.4,0.156,-430,-0.0004,1,-0.0005,0,0,0,0,0,TRUE,0,0,0,NaN
9390,-6.4,0.156,-430,-0.0004,1,-0.0005,0,0,0,0,0,TRUE,0,0,0,NaN
9458,-6.4,0.156,-430,-0.0004,1,-0.0005,0,0,0,0,0,TRUE,0,0,0,NaN
9515,-6.4,0.156,-430,-0.0004,1,-0.0005,0,0,0,0,0,TRUE,0,0,0,NaN
9571,-6.4,0.156,-430,-0.0004,1,-0.0005,0,0,0,0,0,TRUE,0,0,0,NaN
9626,-6.4,0.156,-430,-0.0004,1,-0.0005,0,0,0,0,0,TRUE,0,0,0,NaN
9680,-6.4,0.156,-430,-0.0004,1,-0.0005,0,0,0,0,0,TRUE,0,0,0,NaN
9765,-6.4,0.156,-430,-0.0004,1,-0.0005,0,0,0,0,0,TRUE,0,0,0,NaN
9814,-6.4,0.156,-430,-0.0004,1,-0.0005,0,0,0,0,0,TRUE,0,0,0,NaN
9862,-6.4,0.156,-430,-0.0004,1,-0.0005,0,0,0,0,0,TRUE,0,0,0,NaN
9912,-6.4,0.156,-430,-0.0004,1,-0.0005,0,0,0,0,0,TRUE,0,0,0,NaN
9964,-6.4,0.156,-430,-0.0004,1,-0.0005,0,0,0,0,0,TRUE,0,0,0,NaN
10012,-6.4,0.156,-430,-0.0004,1,-0.0005,0,0,0,0,0,TRUE,0,0,0,NaN
10061,-6.4,0.156,-430,-0.0004,1,-0.0005,0,0,0,0,0,TRUE,0,0,0,NaN
10117,-6.4,0.156,-430,-0.0004,1,-0.0005,0,0,0,0,0,TRUE,0,0,0,NaN
10167,-6.4,0.156,-430,-0.0004,1,-0.0005,0,0,0,0,0,TRUE,0,0,0,NaN
10215,-6.4,0.156,-430,-0.0004,1,-0.0005,0,0,0,0,0,TRUE,0,0,0,NaN
10264,-6.4,0.156,-430,-0.0004,1,-0.0005,0,0,0,0,0,TRUE,0,0,0,NaN
10313,-6.4,0.156,-430,-0.0004,1,-0.0005,0,0,0,0,0,TRUE,0,0,0,NaN
10362,-6.4,0.156,-430,-0.0004,1,-0.0005,0,0,0,0,0,TRUE,0,0,0,NaN
10411,-6.4,0.156,-430,-0.0004,1,-0.0005,0,0,0,0,0,TRUE,0,0,0,NaN
10462,-6.4,0.156,-430,-0.0004,1,-0.0005,0,0,0,0,0,TRUE,0,0,0,NaN
10511,-6.4,0.156,-430,-0.0004,1,-0.0005,0,0,0,0,0,TRUE,0,0,0,NaN
10560,-6.4,0.156,-430,-0.0004,1,-0.0005,0,0,0,0,0,TRUE,0,0,0,NaN
10609,-6.4,0.156,-430,-0.0004,1,-0.0005,0,0,0,0,0,TRUE,0,0,0,NaN
10657,-6.4,0.156,-430,-0.0004,1,-0.0005,0,0,0,0,0,TRUE,0,0,0,NaN
10706,-6.4,0.156,-430,-0.0004,1,-0.0005,0,0,0,0,0,TRUE,0,0,0,NaN
10757,-6.4,0.156,-430,-0.0004,1,-0.0005,0,0,0,0,0,TRUE,0,0,0,NaN
10810,-6.4,0.156,-430,-0.0004,1,-0.0005,0,0,0,0,0,TRUE,0,0,0,NaN
10860,-6.4,0.156,-430,-0.0004,1,-0.0005,0,0,0,0,0,TRUE,0,0,0,NaN
10916,-6.4,0.156,-430,-0.0004,1,-0.0005,0,0,0,0,0,TRUE,0,0,0,NaN
10967,-6.4,0.156,-430,-0.0004,1,-0.0005,0,0,0,0,0,TRUE,0,0,0,NaN
11016,-6.4,0.156,-430,-0.0004,1,-0.0005,0,0,0,0,0,TRUE,0,0,0,NaN
11065,-6.4,0.156,-430,-0.0004,1,-0.0005,0,0,0,0,0,TRUE,0,0,0,NaN
11114,-6.4,0.156,-430,-0.0004,1,-0.0005,0,0,0,0,0,TRUE,0,0,0,NaN
11162,-6.4,0.156,-430,-0.0004,1,-0.0005,0,0,0,0,0,TRUE,0,0,0,NaN
11210,-6.4,0.156,-430,-0.0004,1,-0.0005,0,0,0,0,0,TRUE,0,0,0,NaN
11262,-6.4,0.156,-430,-0.0004,1,-0.0005,0,0,0,0,0,TRUE,0,0,0,NaN
11317,-6.4,0.156,-430,-0.0004,1,-0.0005,0,0,0,0,0,TRUE,0,0,0,NaN
11379,-6.4,0.156,-430,-0.0004,1,-0.0005,0,0,0,0,0,TRUE,0,0,0,NaN
11432,-6.4,0.156,-430,-0.0004,1,-0.0005,0,0,0,0,0,TRUE,0,0,0,NaN
11481,-6.4,0.156,-430,-0.0004,1,-0.0005,0,0,0,0,0,TRUE,0,0,0,NaN
11530,-6.4,0.156,-430,-0.0004,1,-0.0005,0,0,0,0,0,TRUE,0,0,0,NaN
11579,-6.4,0.156,-430,-0.0004,1,-0.0005,0,0,0,0,0,TRUE,0,0,0,NaN
11631,-6.4,0.156,-430,-0.0004,1,-0.0005,0,0,0,0,0,TRUE,0,0,0,NaN
11680,-6.4,0.156,-430,-0.0004,1,-0.0005,0,0,0,0,0,TRUE,0,0,0,NaN
11729,-6.4,0.156,-430,-0.0004,1,-0.0005,0,0,0,0,0,TRUE,0,0,0,NaN
11778,-6.4,0.156,-430,-0.0004,1,-0.0005,0,0,0,0,0,TRUE,0,0,0,NaN
11827,-6.4,0.156,-430,-0.0004,1,-0.0005,0,0,0,0,0,TRUE,0,0,0,NaN
11896,-6.4,0.156,-430,-0.0004,1,-0.0005,0,0,0,0,0,TRUE,0,0,0,NaN
11945,-6.4,0.156,-430,-0.0004,1,-0.0005,0,0,0,0,0,TRUE,0,0,0,NaN
12000,-6.4,0.156,-430,-0.0004,1,-0.0005,0,0,0,0,0,TRUE,0,0,0,NaN
12051,-6.4,0.156,-430,-0.0004,1,-0.0005,0,0,0,0,0,TRUE,0,0,0,NaN
12108,-6.4,0.156,-430,-0.0004,1,-0.0005,0,0,0,0,0,TRUE,0,0,0,NaN
12158,-6.4,0.156,-430,-0.0004,1,-0.0005,0,0,0,0,0,TRUE,0,0,0,NaN
12212,-6.4,0.156,-430,-0.0004,1,-0.0005,0,0,0,0,0,TRUE,0,0,0,NaN
12264,-6.4,0.156,-430,-0.0004,1,-0.0005,0,0,0,0,0,TRUE,0,0,0,NaN
12313,-6.4,0.156,-430,-0.0004,1,-0.0005,0,0,0,0,0,TRUE,0,0,0,NaN
12361,-6.4,0.156,-430,-0.0004,1,-0.0005,0,0,0,0,0,TRUE,0,0,0,NaN
12422,-6.4,0.156,-430,-0.0004,1,-0.0005,0,0,0,0,0,TRUE,0,0,0,NaN
12472,-6.4,0.156,-430,-0.0004,1,-0.0005,0,0,0,0,0,TRUE,0,0,0,NaN
12521,-6.4,0.156,-430,-0.0004,1,-0.0005,0,0,0,0,0,TRUE,0,0,0,NaN
12570,-6.4,0.156,-430,-0.0004,1,-0.0005,0,0,0,0,0,TRUE,0,0,0,NaN
12618,-6.4,0.156,-430,-0.0004,1,-0.0005,0,0,0,0,0,TRUE,0,0,0,NaN
12667,-6.4,0.156,-430,-0.0004,1,-0.0005,0,0,0,0,0,TRUE,0,0,0,NaN
12715,-6.4,0.156,-430,-0.0004,1,-0.0005,0,0,0,0,0,TRUE,0,0,0,NaN
12762,-6.4,0.156,-430,-0.0004,1,-0.0005,0,0,0,0,0,TRUE,0,0,0,NaN
12811,-6.4,0.156,-430,-0.0004,1,-0.0005,0,0,0,0,0,TRUE,0,0,0,NaN
12858,-6.4,0.156,-430,-0.0004,1,-0.0005,0,0,0,0,0,TRUE,0,0,0,NaN
12908,-6.4,0.156,-430,-0.0004,1,-0.0005,0,0,0,0,0,TRUE,0,0,0,NaN
12957,-6.4,0.156,-430,-0.0004,1,-0.0005,0,0,0,0,0,TRUE,0,0,0,NaN
13005,-6.4,0.156,-430,-0.0004,1,-0.0005,0,0,0,0,0,TRUE,0,0,0,NaN
13053,-6.4,0.156,-430,-0.0004,1,-0.0005,0,0,0,0,0,TRUE,0,0,0,NaN
13103,-6.4,0.156,-430,-0.0004,1,-0.0005,0,0,0,0,0,TRUE,0,0,0,NaN
13187,-6.4,0.156,-430,-0.0004,1,-0.0005,0,0,0,0,0,TRUE,0,0,0,NaN
13236,-6.4,0.156,-430,-0.0004,1,-0.0005,0,0,0,0,0,TRUE,0,0,0,NaN
13286,-6.4,0.156,-430,-0.0004,1,-0.0005,0,0,0,0,0,TRUE,0,0,0,NaN
13333,-6.4,0.156,-430,-0.0004,1,-0.0005,0,0,0,0,0,TRUE,0,0,0,NaN
13380,-6.4,0.156,-430,-0.0004,1,-0.0005,0,0,0,0,0,TRUE,0,0,0,NaN
13428,-6.4,0.156,-430,-0.0004,1,-0.0005,0,0,0,0,0,TRUE,0,0,0,NaN
13476,-6.4,0.156,-430,-0.0004,1,-0.0005,0,0,0,0,0,TRUE,0,0,0,NaN
13525,-6.4,0.156,-430,-0.0004,1,-0.0005,0,0,0,0,0,TRUE,0,0,0,NaN
13574,-6.4,0.156,-430,-0.0004,1,-0.0005,0,0,0,0,0,TRUE,0,0,0,NaN
13622,-6.4,0.156,-430,-0.0004,1,-0.0005,0,0,0,0,0,TRUE,0,0,0,NaN
13669,-6.4,0.156,-430,-0.0004,1,-0.0005,0,0,0,0,0,TRUE,0,0,0,NaN
13716,-6.4,0.156,-430,-0.0004,1,-0.0005,0,0,0,0,0,TRUE,0,0,0,NaN
13762,-6.4,0.156,-430,-0.0004,1,-0.0005,0,0,0,0,0,TRUE,0,0,0,NaN
13812,-6.4,0.156,-430,-0.0004,1,-0.0005,0,0,0,0,0,TRUE,0,0,0,NaN
13860,-6.4,0.156,-430,-0.0004,1,-0.0005,0,0,0,0,0,TRUE,0,0,0,NaN
13909,-6.4,0.156,-430,-0.0004,1,-0.0005,0,0,0,0,0,TRUE,0,0,0,NaN
13957,-6.4,0.156,-430,-0.0004,1,-0.0005,0,0,0,0,0,TRUE,0,0,0,NaN
14005,-6.4,0.156,-430,-0.0004,1,-0.0005,0,0,0,0,0,TRUE,0,0,0,NaN
14055,-6.4,0.156,-430,-0.0004,1,-0.0005,0,0,0,0,0,TRUE,0,0,0,NaN
14110,-6.4,0.156,-430,-0.0004,1,-0.0005,0,0,0,0,0,TRUE,0,0,0,NaN
14164,-6.4,0.156,-430,-0.0004,1,-0.0005,0,0,0,0,0,TRUE,0,0,0,NaN
14217,-6.4,0.156,-430,-0.0004,1,-0.0005,0,0,0,0,0,TRUE,0,0,0,NaN
14270,-6.4,0.156,-430,-0.0004,1,-0.0005,0,0,0,0,0,TRUE,0,0,0,NaN
14318,-6.4,0.156,-430,-0.0004,1,-0.0005,0,0,0,0,0,TRUE,0,0,0,NaN
14369,-6.4,0.156,-430,-0.0004,1,-0.0005,0,0,0,0,0,TRUE,0,0,0,NaN
14417,-6.4,0.156,-430,-0.0004,1,-0.0005,0,0,0,0,0,TRUE,0,0,0,NaN
14465,-6.4,0.156,-430,-0.0004,1,-0.0005,0,0,0,0,0,TRUE,0,0,0,NaN
14513,-6.4,0.156,-430,-0.0004,1,-0.0005,0,0,0,0,0,TRUE,0,0,0,NaN
14562,-6.4,0.156,-430,-0.0004,1,-0.0005,0,0,0,0,0,TRUE,0,0,0,NaN
14609,-6.4,0.156,-430,-0.0004,1,-0.0005,0,0,0,0,0,TRUE,0,0,0,NaN
14657,-6.4,0.156,-430,-0.0004,1,-0.0005,0,0,0,0,0,TRUE,0,0,0,NaN
14703,-6.4,0.156,-430,-0.0004,1,-0.0005,0,0,0,0,0,TRUE,0,0,0,NaN
14751,-6.4,0.156,-430,-0.0004,1,-0.0005,0,0,0,0,0,TRUE,0,0,0,NaN
14799,-6.4,0.156,-430,-0.0004,1,-0.0005,0,0,0,0,0,TRUE,0,0,0,NaN
14847,-6.4,0.156,-430,-0.0004,1,-0.0005,0,0,0,0,0,TRUE,0,0,0,NaN
14895,-6.4,0.156,-430,-0.0004,1,-0.0005,0,0,0,0,0,TRUE,0,0,0,NaN
14946,-6.4,0.156,-430,-0.0004,1,-0.0005,0,0,0,0,0,TRUE,0,0,0,NaN
14997,-6.4,0.156,-430,-0.0004,1,-0.0005,0,0,0,0,0,TRUE,0,0,0,NaN
15045,-6.4,0.156,-430,-0.0004,1,-0.0005,0,0,0,0,0,TRUE,0,0,0,NaN
15093,-6.4,0.156,-430,-0.0004,1,-0.0005,0,0,0,0,0,TRUE,0,0,0,NaN
15140,-6.4,0.156,-430,-0.0004,1,-0.0005,0,0,0,0,0,TRUE,0,0,0,NaN
15188,-6.4,0.156,-430,-0.0004,1,-0.0005,0,0,0,0,0,TRUE,0,0,0,NaN
15285,-6.4,0.156,-430,-0.0004,1,-0.0005,0,0,0,0,0,TRUE,0,0,0,NaN
15331,-6.4,0.156,-430,-0.0004,1,-0.0005,0,0,0,0,0,TRUE,0,0,0,NaN
15379,-6.4,0.156,-430,-0.0004,1,-0.0005,0,0,0,0,0,TRUE,0,0,0,NaN
15426,-6.4,0.156,-430,-0.0004,1,-0.0005,0,0,0,0,0,TRUE,0,0,0,NaN
15473,-6.4,0.156,-430,-0.0004,1,-0.0005,0,0,0,0,0,TRUE,0,0,0,NaN
15521,-6.4,0.156,-430,-0.0004,1,-0.0005,0,0,0,0,0,TRUE,0,0,0,NaN
15570,-6.4,0.156,-430,-0.0004,1,-0.0005,0,0,0,0,0,TRUE,0,0,0,NaN
15618,-6.4,0.156,-430,-0.0004,1,-0.0005,0,0,0,0,0,TRUE,0,0,0,NaN
15666,-6.4,0.156,-430,-0.0004,1,-0.0005,0,0,0,0,0,TRUE,0,0,0,NaN
15714,-6.4,0.156,-430,-0.0004,1,-0.0005,0,0,0,0,0,TRUE,0,0,0,NaN
15761,-6.4,0.156,-430,-0.0004,1,-0.0005,0,0,0,0,0,TRUE,0,0,0,NaN
15808,-6.4,0.156,-430,-0.0004,1,-0.0005,0,0,0,0,0,TRUE,0,0,0,NaN
15857,-6.4,0.156,-430,-0.0004,1,-0.0005,0,0,0,0,0,TRUE,0,0,0,NaN
15908,-6.4,0.156,-430,-0.0004,1,-0.0005,0,0,0,0,0,TRUE,0,0,0,NaN
15960,-6.4,0.156,-430,-0.0004,1,-0.0005,0,0,0,0,0,TRUE,0,0,0,NaN
16009,-6.4,0.156,-430,-0.0004,1,-0.0005,0,0,0,0,0,TRUE,0,0,0,NaN
16058,-6.4,0.156,-430,-0.0004,1,-0.0005,0,0,0,0,0,TRUE,0,0,0,NaN
16112,-6.4,0.156,-430,-0.0004,1,-0.0005,0,0,0,0,0,TRUE,0,0,0,NaN
16166,-6.4,0.156,-430,-0.0004,1,-0.0005,0,0,0,0,0,TRUE,0,0,0,NaN
16232,-6.4,0.156,-430,-0.0004,1,-0.0005,0,0,0,0,0,TRUE,0,0,0,NaN
16295,-6.4,0.156,-430,-0.0004,1,-0.0005,0,0,0,0,0,TRUE,0,0,0,NaN
16370,-6.4,0.156,-430,-0.0004,1,-0.0005,0,0,0,0,0,TRUE,0,0,0,NaN
16434,-6.4,0.156,-430,-0.0004,1,-0.0005,0,0,0,0,0,TRUE,0,0,0,NaN
16494,-6.4,0.156,-430,-0.0004,1,-0.0005,0,0,0,0,0,TRUE,0,0,0,NaN
16572,-6.4,0.156,-430,-0.0004,1,-0.0005,0,0,0,0,0,TRUE,0,0,0,NaN
16629,-6.4,0.156,-430,-0.0004,1,-0.0005,0,0,0,0,0,TRUE,0,0,0,NaN
16686,-6.4,0.156,-430,-0.0004,1,-0.0005,0,0,0,0,0,TRUE,0,0,0,NaN
16736,-6.4,0.156,-430,-0.0004,1,-0.0005,0,0,0,0,0,TRUE,0,0,0,NaN
16803,-6.4,0.156,-430,-0.0004,1,-0.0005,0,0,0,0,0,TRUE,0,0,0,NaN
16866,-6.4,0.156,-430,-0.0004,1,-0.0005,0,0,0,0,0,TRUE,0,0,0,NaN
16925,-6.4,0.156,-430,-0.0004,1,-0.0005,0,0,0,0,0,TRUE,0,0,0,NaN
16996,-6.4,0.156,-430,-0.0004,1,-0.0005,0,0,0,0,0,TRUE,0,0,0,NaN
17067,-6.4,0.156,-430,-0.0004,1,-0.0005,0,0,0,0,0,TRUE,0,0,0,NaN
17160,-6.4,0.156,-430,-0.0004,1,-0.0005,0,0,0,0,0,TRUE,0,0,0,NaN
17225,-6.4,0.156,-430,-0.0004,1,-0.0005,0,0,0,0,0,TRUE,0,0,0,NaN
17280,-6.4,0.156,-430,-0.0004,1,-0.0005,0,0,0,0,0,TRUE,0,0,0,NaN
17336,-6.4,0.156,-430,-0.0004,1,-0.0005,0,0,0,0,0,TRUE,0,0,0,NaN
17397,-6.4,0.156,-430,-0.0004,1,-0.0005,0,0,0,0,0,TRUE,0,0,0,NaN
17455,-6.4,0.156,-430,-0.0004,1,-0.0005,0,0,0,0,0,TRUE,0,0,0,NaN
17510,-6.4,0.156,-430,-0.0004,1,-0.0005,0,0,0,0,0,TRUE,0,0,0,NaN
17573,-6.4,0.156,-430,-0.0004,1,-0.0005,0,0,0,0,0,TRUE,0,0,0,NaN
17627,-6.4,0.156,-430,-0.0004,1,-0.0005,0,0,0,0,0,TRUE,0,0,0,NaN
17681,-6.4,0.156,-430,-0.0004,1,-0.0005,0,0,0,0,0,TRUE,0,0,0,NaN
17733,-6.4,0.156,-430,-0.0004,1,-0.0005,0,0,0,0,0,TRUE,0,0,0,NaN
17797,-6.4,0.156,-430,-0.0004,1,-0.0005,0,0,0,0,0,TRUE,0,0,0,NaN
17868,-6.4,0.156,-430,-0.0004,1,-0.0005,0,0,0,0,0,TRUE,0,0,0,NaN
17919,-6.4,0.156,-430,-0.0004,1,-0.0005,0,0,0,0,0,TRUE,0,0,0,NaN
17968,-6.4,0.156,-430,-0.0004,1,-0.0005,0,0,0,0,0,TRUE,0,0,0,NaN
18035,-6.4,0.156,-430,-0.0004,1,-0.0005,0,0,0,0,0,TRUE,0,0,0,NaN
18150,-6.4,0.156,-430,-0.0004,1,-0.0005,0,0,0,0,0,TRUE,0,0,0,NaN
18217,-6.4,0.156,-430,-0.0004,1,-0.0005,0,0,0,0,0,TRUE,0,0,0,NaN
18282,-6.4,0.156,-430,-0.0004,1,-0.0005,0,0,0,0,0,TRUE,0,0,0,NaN
18350,-6.4,0.156,-430,-0.0004,1,-0.0005,0,0,0,0,0,TRUE,0,0,0,NaN
18405,-6.4,0.156,-430,-0.0004,1,-0.0005,0,0,0,0,0,TRUE,0,0,0,NaN
18467,-6.4,0.156,-430,-0.0004,1,-0.0005,0,0,0,0,0,TRUE,0,0,0,NaN
18531,-6.4,0.156,-430,-0.0004,1,-0.0005,0,0,0,0,0,TRUE,0,0,0,NaN
18601,-6.4,0.156,-430,-0.0004,1,-0.0005,0,0,0,0,0,TRUE,0,0,0,NaN
18682,-6.4,0.156,-430,-0.0004,1,-0.0005,0,0,0,0,0,TRUE,0,0,0,NaN
18740,-6.4,0.156,-430,-0.0004,1,-0.0005,0,0,0,0,0,TRUE,0,0,0,NaN
18801,-6.4,0.156,-430,-0.0004,1,-0.0005,0,0,0,0,0,TRUE,0,0,0,NaN
18859,-6.4,0.156,-430,-0.0004,1,-0.0005,0,0,0,0,0,TRUE,0,0,0,NaN
18915,-6.4,0.156,-430,-0.0004,1,-0.0005,0,0,0,0,0,TRUE,0,0,0,NaN
18979,-6.4,0.156,-430,-0.0004,1,-0.0005,0,0,0,0,0,TRUE,0,0,0,NaN
19040,-6.4,0.156,-430,-0.0004,1,-0.0005,0,0,0,0,0,TRUE,0,0,0,NaN
19100,-6.4,0.156,-430,-0.0004,1,-0.0005,0,0,0,0,0,TRUE,0,0,0,NaN
19160,-6.4,0.156,-430,-0.0004,1,-0.0005,0,0,0,0,0,TRUE,0,0,0,NaN
19213,-6.4,0.156,-430,-0.0004,1,-0.0005,0,0,0,0,0,TRUE,0,0,0,NaN
19276,-6.4,0.156,-430,-0.0004,1,-0.0005,0,0,0,0,0,TRUE,0,0,0,NaN
19337,-6.4,0.156,-430,-0.0004,1,-0.0005,0,0,0,0,0,TRUE,0,0,0,NaN
19397,-6.4,0.156,-430,-0.0004,1,-0.0005,0,0,0,0,0,TRUE,0,0,0,NaN
19453,-6.4,0.156,-430,-0.0004,1,-0.0005,0,0,0,0,0,TRUE,0,0,0,NaN
19516,-6.4,0.156,-430,-0.0004,1,-0.0005,0,0,0,0,0,TRUE,0,0,0,NaN
19575,-6.4,0.156,-430,-0.0004,1,-0.0005,0,0,0,0,0,TRUE,0,0,0,NaN
19634,-6.4,0.156,-430,-0.0004,1,-0.0005,0,0,0,0,0,TRUE,0,0,0,NaN
19692,-6.4,0.156,-430,-0.0004,1,-0.0005,0,0,0,0,0,TRUE,0,0,0,NaN
19744,-6.4,0.156,-430,-0.0004,1,-0.0005,0,0,0,0,0,TRUE,0,0,0,NaN
19808,-6.4,0.156,-430,-0.0004,1,-0.0005,0,0,0,0,0,TRUE,0,0,0,NaN
19872,-6.4,0.156,-430,-0.0004,1,-0.0005,0,0,0,0,0,TRUE,0,0,0,NaN
19931,-6.4,0.156,-430,-0.0004,1,-0.0005,0,0,0,0,0,TRUE,0,0,0,NaN
19987,-6.4,0.156,-430,-0.0004,1,-0.0005,0,0,0,0,0,TRUE,0,0,0,NaN
20042,-6.4,0.156,-430,-0.0004,1,-0.0005,0,0,0,0,0,TRUE,0,0,0,NaN
20101,-6.4,0.156,-430,-0.0004,1,-0.0005,0,0,0,0,0,TRUE,0,0,0,NaN
20177,-6.4,0.156,-430,-0.0004,1,-0.0005,0,0,0,0,0,TRUE,0,0,0,NaN
20225,-6.4,0.156,-430,-0.0004,1,-0.0005,0,0,0,0,0,TRUE,0,0,0,NaN
20289,-6.4,0.156,-430,-0.0004,1,-0.0005,0,0,0,0,0,TRUE,0,0,0,NaN
20352,-6.4,0.156,-430,-0.0004,1,-0.0005,0,0,0,0,0,TRUE,0,0,0,NaN
20421,-6.4,0.156,-430,-0.0004,1,-0.0005,0,0,0,0,0,TRUE,0,0,0,NaN
20472,-6.4,0.156,-430,-0.0004,1,-0.0005,0,0,0,0,0,TRUE,0,0,0,NaN
20532,-6.4,0.156,-430,-0.0004,1,-0.0005,0,0,0,0,0,TRUE,0,0,0,NaN
20590,-6.4,0.156,-430,-0.0004,1,-0.0005,0,0,0,0,0,TRUE,0,0,0,NaN
20643,-6.4,0.156,-430,-0.0004,1,-0.0005,0,0,0,0,0,TRUE,0,0,0,NaN
20709,-6.4,0.156,-430,-0.0004,1,-0.0005,0,0,0,0,0,TRUE,0,0,0,NaN
20768,-6.4,0.156,-430,-0.0004,1,-0.0005,0,0,0,0,0,TRUE,0,0,0,NaN
20823,-6.4,0.156,-430,-0.0004,1,-0.0005,0,0,0,0,0,TRUE,0,0,0,NaN
20881,-6.4,0.156,-430,-0.0004,1,-0.0005,0,0,0,0,0,TRUE,0,0,0,NaN
20945,-6.4,0.156,-430,-0.0004,1,-0.0005,0,0,0,0,0,TRUE,0,0,0,NaN
21010,-6.4,0.156,-430,-0.0004,1,-0.0005,0,0,0,0,0,TRUE,0,0,0,NaN
21069,-6.4,0.156,-430,-0.0004,1,-0.0005,0,0,0,0,0,TRUE,0,0,0,NaN
21128,-6.4,0.156,-430,-0.0004,1,-0.0005,0,0,0,0,0,TRUE,0,0,0,NaN
21186,-6.4,0.156,-430,-0.0004,1,-0.0005,0,0,0,0,0,TRUE,0,0,0,NaN
21247,-6.4,0.156,-430,-0.0004,1,-0.0005,0,0,0,0,0,TRUE,0,0,0,NaN
21306,-6.4,0.156,-430,-0.0004,1,-0.0005,0,0,0,0,0,TRUE,0,0,0,NaN
21364,-6.4,0.156,-430,-0.0004,1,-0.0005,0,0,0,0,0,TRUE,0,0,0,NaN
21417,-6.4,0.156,-430,-0.0004,1,-0.0005,0,0,0,0,0,TRUE,0,0,0,NaN
21479,-6.4,0.156,-430,-0.0004,1,-0.0005,0,0,0,0,0,TRUE,0,0,0,NaN
21542,-6.4,0.156,-430,-0.0004,1,-0.0005,0,0,0,0,0,TRUE,0,0,0,NaN
21601,-6.4,0.156,-430,-0.0004,1,-0.0005,0,0,0,0,0,TRUE,0,0,0,NaN
21657,-6.4,0.156,-430,-0.0004,1,-0.0005,0,0,0,0,0,TRUE,0,0,0,NaN
21717,-6.4,0.156,-430,-0.0004,1,-0.0005,0,0,0,0,0,TRUE,0,0,0,NaN
21775,-6.4,0.156,-430,-0.0004,1,-0.0005,0,0,0,0,0,TRUE,0,0,0,NaN
21836,-6.4,0.156,-430,-0.0004,1,-0.0005,0,0,0,0,0,TRUE,0,0,0,NaN
21895,-6.4,0.156,-430,-0.0004,1,-0.0005,0,0,0,0,0,TRUE,0,0,0,NaN
21950,-6.4,0.156,-430,-0.0004,1,-0.0005,0,0,0,0,0,TRUE,0,0,0,NaN
22012,-6.4,0.156,-430,-0.0004,1,-0.0005,0,0,0,0,0,TRUE,0,0,0,NaN
22075,-6.4,0.156,-430,-0.0004,1,-0.0005,0,0,0,0,0,TRUE,0,0,0,NaN
22135,-6.4,0.156,-430,-0.0004,1,-0.0005,0,0,0,0,0,TRUE,0,0,0,NaN
22202,-6.4,0.156,-430,-0.0004,1,-0.0005,0,0,0,0,0,TRUE,0,0,0,NaN
22261,-6.4,0.156,-430,-0.0004,1,-0.0005,0,0,0,0,0,TRUE,0,0,0,NaN
22317,-6.4,0.156,-430,-0.0004,1,-0.0005,0,0,0,0,0,TRUE,0,0,0,NaN
22381,-6.4,0.156,-430,-0.0004,1,-0.0005,0,0,0,0,0,TRUE,0,0,0,NaN
22440,-6.4,0.156,-430,-0.0004,1,-0.0005,0,0,0,0,0,TRUE,0,0,0,NaN
22503,-6.4,0.156,-430,-0.0004,1,-0.0005,0,0,0,0,0,TRUE,0,0,0,NaN
22559,-6.4,0.156,-430,-0.0004,1,-0.0005,0,0,0,0,0,TRUE,0,0,0,NaN
22616,-6.4,0.156,-430,-0.0004,1,-0.0005,0,0,0,0,0,TRUE,0,0,0,NaN
22674,-6.4,0.156,-430,-0.0004,1,-0.0005,0,0,0,0,0,TRUE,0,0,0,NaN
22733,-6.4,0.156,-430,-0.0004,1,-0.0005,0,0,0,0,0,TRUE,0,0,0,NaN
22788,-6.4,0.156,-430,-0.0004,1,-0.0005,0,0,0,0,0,TRUE,0,0,0,NaN
22846,-6.4,0.156,-430,-0.0004,1,-0.0005,0,0,0,0,0,TRUE,0,0,0,NaN
22906,-6.4,0.156,-430,-0.0004,1,-0.0005,0,0,0,0,0,TRUE,0,0,0,NaN
22965,-6.4,0.156,-430,-0.0004,1,-0.0005,0,0,0,0,0,TRUE,0,0,0,NaN
23020,-6.4,0.156,-430,-0.0004,1,-0.0005,0,0,0,0,0,TRUE,0,0,0,NaN
23083,-6.4,0.156,-430,-0.0004,1,-0.0005,0,0,0,0,0,TRUE,0,0,0,NaN
23142,-6.4,0.156,-430,-0.0004,1,-0.0005,0,0,0,0,0,TRUE,0,0,0,NaN
23205,-6.4,0.156,-430,-0.0004,1,-0.0005,0,0,0,0,0,TRUE,0,0,0,NaN
23271,-6.4,0.156,-430,-0.0004,1,-0.0005,0,0,0,0,0,TRUE,0,0,0,NaN
23349,-6.4,0.156,-430,-0.0004,1,-0.0005,0,0,0,0,0,TRUE,0,0,0,NaN
23407,-6.4,0.156,-430,-0.0004,1,-0.0005,0,0,0,0,0,TRUE,0,0,0,NaN
23465,-6.4,0.156,-430,-0.0004,1,-0.0005,0,0,0,0,0,TRUE,0,0,0,NaN
23519,-6.4,0.156,-430,-0.0004,1,-0.0005,0,0,0,0,0,TRUE,0,0,0,NaN
23582,-6.4,0.156,-430,-0.0004,1,-0.0005,0,0,0,0,0,TRUE,0,0,0,NaN
23640,-6.4,0.156,-430,-0.0004,1,-0.0005,0,0,0,0,0,TRUE,0,0,0,NaN
23699,-6.4,0.156,-430,-0.0004,1,-0.0005,0,0,0,0,0,TRUE,0,0,0,NaN
23756,-6.4,0.156,-430,-0.0004,1,-0.0005,0,0,0,0,0,TRUE,0,0,0,NaN
23813,-6.4,0.156,-430,-0.0004,1,-0.0005,0,0,0,0,0,TRUE,0,0,0,NaN
23875,-6.4,0.156,-430,-0.0004,1,-0.0005,0,0,0,0,0,TRUE,0,0,0,NaN
23939,-6.4,0.156,-430,-0.0004,1,-0.0005,0,0,0,0,0,TRUE,0,0,0,NaN
23999,-6.4,0.156,-430,-0.0004,1,-0.0005,0,0,0,0,0,TRUE,0,0,0,NaN
24057,-6.4,0.156,-430,-0.0004,1,-0.0005,0,0,0,0,0,TRUE,0,0,0,NaN
24108,-6.4,0.156,-430,-0.0004,1,-0.0005,0,0,0,0,0,TRUE,0,0,0,NaN
24171,-6.4,0.156,-430,-0.0004,1,-0.0005,0,0,0,0,0,TRUE,0,0,0,NaN
24232,-6.4,0.156,-430,-0.0004,1,-0.0005,0,0,0,0,0,TRUE,0,0,0,NaN
24288,-6.4,0.156,-430,-0.0004,1,-0.0005,0,0,0,0,0,TRUE,0,0,0,NaN
24350,-6.4,0.156,-430,-0.0004,1,-0.0005,0,0,0,0,0,TRUE,0,0,0,NaN
24410,-6.4,0.156,-430,-0.0004,1,-0.0005,0,0,0,0,0,TRUE,0,0,0,NaN
24471,-6.4,0.156,-430,-0.0004,1,-0.0005,0,0,0,0,0,TRUE,0,0,0,NaN
24532,-6.4,0.156,-430,-0.0004,1,-0.0005,0,0,0,0,0,TRUE,0,0,0,NaN
24582,-6.4,0.156,-430,-0.0004,1,-0.0005,0,0,0,0,0,TRUE,0,0,0,NaN
24656,-6.4,0.156,-430,-0.0004,1,-0.0005,0,0,0.22146,0,0,TRUE,0,0,0,NaN
24729,-6.4,0.156,-430,-0.0004,1,-0.0005,0,0.01,0.22146,0,0,TRUE,0,0,0,NaN
24786,-6.4,0.156,-430,-0.0004,1,-0.0005,0,0.01,0.22146,0,0,TRUE,0,0,0,NaN
24857,-6.4,0.156,-430,-0.0004,1,-0.0005,0,0.01,0.22146,0,0,TRUE,0,0,0,NaN
24915,-6.4,0.156,-430,-0.0004,1,-0.0005,0,0.01,0.22146,0,0,TRUE,0,0,0,NaN
25039,-6.4,0.156,-430,-0.0004,1,-0.0005,0,0.01,0.22146,0.6953231,0,TRUE,0,0,0,NaN
25113,-6.4,0.156,-429.999,-0.0005,1,-0.0005,0,0.1,0.22146,1,0,TRUE,0,0,0,0
25168,-6.4,0.156,-429.997,-0.0005,1,-0.0006,-2.00E-04,0.34,0.22146,1,0,TRUE,0,0,0,0
25231,-6.399,0.156,-429.991,-0.0005,1,-0.0006,-6.00E-04,0.62,0.22146,1,0,TRUE,0,0,0,0.20255445
25311,-6.397,0.156,-429.982,-0.0005,1,-0.0007,-0.0011,0.92,0.22146,1,0,TRUE,0,0,0,0.22594073
25384,-6.396,0.156,-429.97,-0.0005,1,-0.0007,-0.0018,1.24,0.22146,1,0,TRUE,0,0,0,0.10116874
25454,-6.394,0.156,-429.954,-0.0005,1,-0.0007,-0.0027,1.57,0.22146,1,0,TRUE,0,0,0,0.16250277
25527,-6.391,0.156,-429.934,-0.0005,1,-0.0007,-0.0037,1.93,0.22146,1,0,TRUE,0,0,0,0.2030293
25601,-6.388,0.156,-429.91,-0.0005,1,-0.0007,-0.0049,2.3,0.22146,1,0,TRUE,0,0,0,0.1723514
25666,-6.384,0.156,-429.882,-0.0005,1,-0.0007,-0.0062,2.69,0.22146,1,0,TRUE,0,0,0,0.23558831
25724,-6.38,0.156,-429.85,-0.0005,1,-0.0007,-0.0078,3.09,0.22146,1,0,TRUE,0,0,0,0.23772596
25786,-6.375,0.156,-429.813,-0.0006,1,-0.0007,-0.0096,3.52,0.22146,1,0,TRUE,0,0,0,0.25787982
25848,-6.369,0.156,-429.771,-0.0006,0.9999,-0.0007,-0.0115,3.95,0.22146,1,0,TRUE,0,0,0,0.27250314
25915,-6.363,0.156,-429.724,-0.0006,0.9999,-0.0007,-0.0137,4.4,0.22146,1,0,TRUE,0,0,0,0.23626967
25978,-6.355,0.156,-429.673,-0.0006,0.9999,-0.0008,-0.0161,4.86,0.22146,1,0,TRUE,0,0,0,0.31433544
26046,-6.347,0.156,-429.616,-0.0006,0.9998,-0.0008,-0.0188,5.33,0.22146,1,0,TRUE,0,0,0,0.2668142
26112,-6.338,0.156,-429.554,-0.0006,0.9998,-0.0008,-0.0216,5.81,0.22146,1,0,TRUE,0,0,0,0.29016924
26179,-6.327,0.156,-429.487,-0.0006,0.9997,-0.0008,-0.0247,6.29,0.22146,1,0,TRUE,0,0,0,0.32246435
26250,-6.315,0.156,-429.415,-0.0006,0.9996,-0.0008,-0.028,6.78,0.22146,1,0,TRUE,0,0,0,0.31520316
26314,-6.302,0.156,-429.337,-0.0007,0.9995,-0.0008,-0.0316,7.27,0.22146,1,0,TRUE,0,0,0,0.34962067
26382,-6.287,0.156,-429.254,-0.0007,0.9994,-0.0008,-0.0354,7.76,0.22146,1,0,TRUE,0,0,0,0.35593927
26446,-6.271,0.156,-429.166,-0.0007,0.9992,-0.0008,-0.0394,8.24,0.22146,1,0,TRUE,0,0,0,0.37263173
26511,-6.253,0.156,-429.073,-0.0007,0.999,-0.0007,-0.0436,8.73,0.22146,1,0,TRUE,0,0,0,0.39796498
26578,-6.234,0.156,-428.974,-0.0007,0.9988,-0.0007,-0.0481,9.21,0.22146,1,0,TRUE,0,0,0,0.3750794
26643,-6.212,0.156,-428.871,-0.0008,0.9986,-0.0007,-0.0527,9.68,0.22146,1,0,TRUE,0,0,0,0.41956487
26714,-6.188,0.156,-428.762,-0.0008,0.9983,-0.0007,-0.0576,10.16,0.22146,1,0,TRUE,0,0,0,0.40378085
26779,-6.162,0.156,-428.649,-0.0008,0.998,-0.0007,-0.0628,10.66,0.22146,1,0,TRUE,0,0,0,0.47909698
26845,-6.134,0.156,-428.53,-0.0008,0.9977,-0.0007,-0.0682,11.19,0.22146,1,0,TRUE,0,0,0,0.51095885
26913,-6.103,0.156,-428.406,-0.0009,0.9973,-0.0007,-0.0738,11.75,0.22146,1,0,TRUE,0,0,0,0.5548446
26977,-6.068,0.156,-428.276,-0.0009,0.9968,-0.0007,-0.0798,12.33,0.22146,1,0,TRUE,0,0,0,0.65442985
27043,-6.031,0.156,-428.14,-0.001,0.9963,-0.0007,-0.086,12.92,0.22146,1,0,TRUE,0,0,0,0.65192926
27108,-5.99,0.156,-427.998,-0.001,0.9957,-0.0007,-0.0925,13.54,0.22146,1,0,TRUE,0,0,0,0.7348621
27172,-5.945,0.156,-427.849,-0.001,0.9951,-0.0007,-0.0993,14.18,0.22146,1,0,TRUE,0,0,0,0.80315816
27238,-5.896,0.156,-427.695,-0.0011,0.9943,-0.0007,-0.1064,14.82,0.22146,1,0,TRUE,0,0,0,0.8167534
27296,-5.842,0.156,-427.534,-0.0011,0.9935,-0.0007,-0.1138,15.48,0.22146,1,0,TRUE,0,0,0,1.0050907
27370,-5.784,0.156,-427.368,-0.0012,0.9926,-0.0007,-0.1215,16.14,0.22146,1,0,TRUE,0,0,0,0.8172467
27434,-5.72,0.156,-427.195,-0.0012,0.9916,-0.0007,-0.1295,16.8,0.22146,1,0,TRUE,0,0,0,0.99387985
27494,-5.652,0.156,-427.016,-0.0013,0.9905,-0.0007,-0.1378,17.46,0.22146,1,0,TRUE,0,0,0,1.0850209
27554,-5.577,0.156,-426.833,-0.0013,0.9892,-0.0007,-0.1464,18.04,0.22146,1,0,TRUE,0,0,0,1.0183653
27616,-5.497,0.156,-426.645,-0.0013,0.9879,-0.0006,-0.1551,18.53,0.22146,1,0,TRUE,0,0,0,0.85952306
27680,-5.413,0.156,-426.454,-0.0013,0.9864,-0.0005,-0.1641,18.93,0.22146,1,0,TRUE,0,0,0,0.6989846
27743,-5.323,0.156,-426.261,-0.0014,0.9849,-0.0005,-0.1731,19.27,0.22146,1,0,TRUE,0,0,0,0.63350725
27808,-5.228,0.156,-426.067,-0.0014,0.9832,-0.0004,-0.1823,19.6,0.22146,1,0,TRUE,0,0,0,0.62021655
27875,-5.127,0.156,-425.871,-0.0014,0.9815,-0.0004,-0.1916,19.95,0.22146,1,0,TRUE,0,0,0,0.6647338
27941,-5.022,0.156,-425.673,-0.0015,0.9796,-0.0004,-0.2011,20.3,0.22146,1,0,TRUE,0,0,0,0.69013673
28006,-4.91,0.156,-425.474,-0.0015,0.9775,-0.0004,-0.2107,20.66,0.22146,1,0,TRUE,0,0,0,0.7545544
28075,-4.792,0.156,-425.274,-0.0015,0.9754,-0.0004,-0.2205,21.03,0.22146,1,0,TRUE,0,0,0,0.7568721
28138,-4.669,0.156,-425.073,-0.0016,0.9731,-0.0003,-0.2304,21.41,0.22146,1,0,TRUE,0,0,0,0.8745762
28199,-4.538,0.156,-424.87,-0.0016,0.9706,-0.0003,-0.2405,21.79,0.22146,1,0,TRUE,0,0,0,0.93826306
28259,-4.402,0.156,-424.667,-0.0016,0.9681,-0.0003,-0.2507,22.18,0.22146,1,0,TRUE,0,0,0,1.0049391
28321,-4.258,0.156,-424.463,-0.0017,0.9653,-0.0003,-0.2611,22.58,0.22146,1,0,TRUE,0,0,0,1.0335511
28386,-4.108,0.156,-424.259,-0.0017,0.9624,-0.0002,-0.2717,22.99,0.22146,1,0,TRUE,0,0,0,1.0379162
28449,-3.95,0.156,-424.054,-0.0018,0.9593,-0.0002,-0.2824,23.4,0.22146,1,0,TRUE,0,0,0,1.1035013
28513,-3.785,0.156,-423.849,-0.0018,0.956,-0.0002,-0.2932,23.82,0.22146,1,0,TRUE,0,0,0,1.1430315
28581,-3.612,0.156,-423.645,-0.0019,0.9526,-0.0002,-0.3042,24.25,0.22146,1,0,TRUE,0,0,0,1.1360607
28647,-3.432,0.156,-423.441,-0.0019,0.949,-0.0001,-0.3154,24.69,0.22146,1,0,TRUE,0,0,0,1.2252963
28710,-3.243,0.156,-423.237,-0.002,0.9451,-0.0001,-0.3267,25.13,0.22146,1,0,TRUE,0,0,0,1.3184534
28777,-3.046,0.156,-423.035,-0.002,0.9411,-0.0001,-0.3382,25.57,0.22146,1,0,TRUE,0,0,0,1.2736636
28843,-2.841,0.156,-422.834,-0.002,0.9368,0.0,-0.3498,26.03,0.22146,1,0,TRUE,0,0,0,1.3824388
28910,-2.627,0.156,-422.635,-0.0021,0.9323,0.0,-0.3616,26.48,0.22146,1,0,TRUE,0,0,0,1.3662225
28977,-2.404,0.156,-422.437,-0.0021,0.9276,0.0001,-0.3735,26.95,0.22146,1,0,TRUE,0,0,0,1.4571258
29050,-2.172,0.156,-422.243,-0.0022,0.9227,0.0001,-0.3856,27.41,0.22146,1,0,TRUE,0,0,0,1.342777
29116,-1.932,0.156,-422.051,-0.0022,0.9175,0.0002,-0.3978,27.88,0.22146,1,0,TRUE,0,0,0,1.5445931
29188,-1.754,0.141,-421.904,-0.006,0.9116,-0.0019,-0.4109,6.5,0.22146,1,0,TRUE,0,0,0,-63.46571
29281,-1.771,0.104,-421.899,-0.0177,0.9089,-0.0059,-0.4166,2.34,0.22146,0.98437476,0,TRUE,0,0,0,-5.1488476
29369,-1.782,0.114,-421.904,-0.0157,0.9084,-0.0033,-0.4179,2.06,0.22146,0.97656214,0,TRUE,0,0,0,-0.61980236
29464,-1.789,0.137,-421.91,-0.0077,0.9085,-0.0015,-0.4178,2.08,0.22146,0.9882811,0,TRUE,0,0,0,0.01651854
29547,-1.792,0.153,-421.913,-0.0026,0.9086,-0.0004,-0.4178,1.14,0.22146,0.98437476,0,TRUE,0,0,0,-0.570217
29623,-1.793,0.159,-421.915,-0.0007,0.9085,-0.0001,-0.4179,0.3,0.22146,0.98437476,0,TRUE,0,0,0,-0.47911513
29714,-1.792,0.159,-421.915,-0.0005,0.9084,-0.0003,-0.4181,0.1,0.22146,0.98046845,0,TRUE,0,0,0,-0.6105007
29815,-1.792,0.158,-421.915,-0.0009,0.9083,-0.0006,-0.4184,0.2,0.22146,0.9414054,0,TRUE,0,0,0,0
29905,-1.791,0.156,-421.915,-0.0014,0.9082,-0.0008,-0.4185,0.13,0.22146,0.8945296,0,TRUE,0,0,0,-0.09662369
29983,-1.791,0.155,-421.915,-0.0016,0.9081,-0.0008,-0.4187,0.03,0.22146,0.85156024,0,TRUE,0,0,0,0
30046,-1.791,0.155,-421.915,-0.0015,0.9081,-0.0007,-0.4188,0.02,0.22146,0.8437476,0,TRUE,0,0,0,NaN
30116,-1.791,0.155,-421.915,-0.0014,0.9081,-0.0006,-0.4188,0.02,0.22146,0.8476539,0,TRUE,0,0,0,NaN
30184,-1.792,0.155,-421.915,-0.0012,0.908,-0.0005,-0.4189,0.01,0.22146,0.835935,0,TRUE,0,0,0,-0.040849674
30254,-1.792,0.155,-421.915,-0.0011,0.908,-0.0005,-0.419,0,0.22146,0.82421607,0,TRUE,0,0,0,NaN
30324,-1.791,0.155,-421.915,-0.001,0.908,-0.0004,-0.419,0.06,0.22146,0.81249714,0,TRUE,0,0,0,0.23809525
30395,-1.791,0.155,-421.915,-0.0008,0.9079,-0.0005,-0.4193,0.02,0.22146,0.7968719,0,TRUE,0,0,0,NaN
30471,-1.791,0.155,-421.915,-0.0007,0.9078,-0.0005,-0.4194,0.02,0.22146,0.77343404,0,TRUE,0,0,0,NaN
30554,-1.791,0.155,-421.915,-0.0006,0.9077,-0.0006,-0.4196,0.03,0.22146,0.6953231,0,TRUE,0,0,0,NaN
30692,-1.79,0.155,-421.915,-0.0006,0.9076,-0.0006,-0.4198,0.03,0.22146,0.39682615,0,TRUE,0,0,0,0
30774,-1.79,0.156,-421.915,-0.0006,0.9075,-0.0005,-0.42,0.02,0.22146,0,0,TRUE,0,0,0,0
30833,-1.79,0.156,-421.915,-0.0006,0.9075,-0.0005,-0.42,0.02,0.22146,0,0,TRUE,0,0,0,NaN
30892,-1.79,0.156,-421.915,-0.0005,0.9075,-0.0005,-0.42,0.02,0.22146,0,0,TRUE,0,0,0,NaN
30955,-1.79,0.156,-421.916,-0.0005,0.9075,-0.0005,-0.4201,0.02,0.22146,0,0,TRUE,0,0,0,0
31021,-1.79,0.156,-421.916,-0.0005,0.9075,-0.0005,-0.4201,0.02,0.22146,0,0,TRUE,0,0,0,NaN
31099,-1.79,0.157,-421.916,-0.0005,0.9075,-0.0005,-0.4201,0.02,0.22146,0,0,TRUE,0,0,0,0
31156,-1.789,0.157,-421.916,-0.0006,0.9075,-0.0005,-0.4202,0.02,0.22146,0,0,TRUE,0,0,0,0
31222,-1.789,0.157,-421.916,-0.0006,0.9074,-0.0005,-0.4202,0.02,0.22146,0,0,TRUE,0,0,0,NaN
31283,-1.789,0.157,-421.916,-0.0006,0.9074,-0.0006,-0.4202,0.02,0.22146,0,0,TRUE,0,0,0,NaN
31347,-1.789,0.157,-421.916,-0.0007,0.9074,-0.0006,-0.4203,0.02,0.22146,0,0,TRUE,0,0,0,NaN
31412,-1.789,0.157,-421.916,-0.0007,0.9074,-0.0006,-0.4203,0.02,0.22146,0,0,TRUE,0,0,0,NaN
31477,-1.788,0.157,-421.916,-0.0007,0.9074,-0.0006,-0.4203,0.02,0.22146,0,0,TRUE,0,0,0,0
31545,-1.788,0.157,-421.917,-0.0007,0.9073,-0.0006,-0.4204,0.02,0.22146,0,0,TRUE,0,0,0,0
31609,-1.788,0.157,-421.917,-0.0007,0.9073,-0.0006,-0.4204,0.01,0.22146,0,0,TRUE,0,0,0,NaN
31678,-1.788,0.157,-421.917,-0.0008,0.9073,-0.0007,-0.4205,0.02,0.22146,0,0,TRUE,0,0,0,NaN
31747,-1.788,0.157,-421.917,-0.0008,0.9073,-0.0007,-0.4205,0.01,0.22146,0,0,TRUE,0,0,0,NaN
31813,-1.788,0.157,-421.917,-0.0008,0.9073,-0.0006,-0.4205,0.01,0.22146,0,0,TRUE,0,0,0,NaN
31878,-1.788,0.157,-421.917,-0.0008,0.9073,-0.0006,-0.4205,0.02,0.22146,0,0,TRUE,0,0,0,NaN
31945,-1.787,0.157,-421.917,-0.0007,0.9073,-0.0006,-0.4206,0.02,0.22146,0,0,TRUE,0,0,0,0
32013,-1.787,0.157,-421.917,-0.0007,0.9072,-0.0006,-0.4206,0.02,0.22146,0,0,TRUE,0,0,0,NaN
32079,-1.787,0.157,-421.918,-0.0007,0.9072,-0.0006,-0.4206,0.02,0.22146,0,0,TRUE,0,0,0,0
32144,-1.787,0.157,-421.918,-0.0007,0.9072,-0.0006,-0.4207,0.02,0.22146,0,0,TRUE,0,0,0,NaN
32211,-1.787,0.157,-421.918,-0.0007,0.9072,-0.0007,-0.4207,0.02,0.22146,0,0,TRUE,0,0,0,NaN
32276,-1.787,0.157,-421.918,-0.0007,0.9072,-0.0007,-0.4208,0.01,0.22146,0,0,TRUE,0,0,0,NaN
32344,-1.787,0.157,-421.918,-0.0008,0.9071,-0.0007,-0.4208,0.01,0.22146,0,0,TRUE,0,0,0,NaN
32410,-1.786,0.157,-421.918,-0.0008,0.9071,-0.0006,-0.4208,0.01,0.22146,0,0,TRUE,0,0,0,0
32475,-1.786,0.157,-421.918,-0.0008,0.9071,-0.0006,-0.4209,0.03,0.22146,0,0,TRUE,0,0,0,NaN
32541,-1.786,0.157,-421.918,-0.0008,0.9071,-0.0006,-0.4209,0.02,0.22146,0,0,TRUE,0,0,0,NaN
32609,-1.786,0.157,-421.918,-0.0007,0.9071,-0.0006,-0.4209,0.02,0.22146,0,0,TRUE,0,0,0,NaN
32675,-1.786,0.157,-421.919,-0.0007,0.9071,-0.0006,-0.421,0.02,0.22146,0,0,TRUE,0,0,0,0
32742,-1.786,0.157,-421.919,-0.0007,0.9071,-0.0006,-0.421,0.02,0.22146,0,0,TRUE,0,0,0,NaN
32809,-1.785,0.157,-421.919,-0.0007,0.907,-0.0006,-0.421,0.02,0.22146,0,0,TRUE,0,0,0,0
32876,-1.785,0.157,-421.919,-0.0007,0.907,-0.0007,-0.4211,0.02,0.22146,0,0,TRUE,0,0,0,NaN
32941,-1.785,0.157,-421.919,-0.0007,0.907,-0.0007,-0.4211,0.02,0.22146,0,0,TRUE,0,0,0,NaN
33011,-1.785,0.157,-421.919,-0.0007,0.907,-0.0007,-0.4212,0.01,0.22146,0,0,TRUE,0,0,0,NaN
33078,-1.785,0.157,-421.919,-0.0008,0.907,-0.0006,-0.4212,0.01,0.22146,0,0,TRUE,0,0,0,NaN
33144,-1.785,0.157,-421.919,-0.0008,0.907,-0.0006,-0.4212,0.03,0.22146,0,0,TRUE,0,0,0,NaN
33210,-1.785,0.157,-421.92,-0.0008,0.9069,-0.0006,-0.4213,0.02,0.22146,0,0,TRUE,0,0,0,0
33276,-1.784,0.157,-421.92,-0.0007,0.9069,-0.0006,-0.4213,0.02,0.22146,0,0,TRUE,0,0,0,0
33342,-1.784,0.157,-421.92,-0.0007,0.9069,-0.0006,-0.4213,0.01,0.22146,0,0,TRUE,0,0,0,NaN
33410,-1.784,0.157,-421.92,-0.0007,0.9069,-0.0006,-0.4214,0.02,0.22146,0,0,TRUE,0,0,0,NaN
33476,-1.784,0.157,-421.92,-0.0007,0.9069,-0.0006,-0.4214,0.02,0.22146,0,0,TRUE,0,0,0,NaN
33544,-1.784,0.157,-421.92,-0.0007,0.9069,-0.0007,-0.4214,0.02,0.22146,0,0,TRUE,0,0,0,NaN
33610,-1.784,0.157,-421.92,-0.0007,0.9068,-0.0007,-0.4215,0.02,0.22146,0,0,TRUE,0,0,0,NaN
33676,-1.784,0.157,-421.92,-0.0007,0.9068,-0.0007,-0.4215,0.01,0.22146,0,0,TRUE,0,0,0,NaN
33744,-1.784,0.157,-421.921,-0.0008,0.9068,-0.0007,-0.4216,0.01,0.22146,0,0,TRUE,0,0,0,0
33809,-1.783,0.157,-421.921,-0.0008,0.9068,-0.0006,-0.4216,0.03,0.22146,0,0,TRUE,0,0,0,0.08547009
33879,-1.783,0.157,-421.921,-0.0008,0.9068,-0.0006,-0.4216,0.02,0.22146,0,0,TRUE,0,0,0,NaN
33947,-1.783,0.157,-421.921,-0.0007,0.9068,-0.0006,-0.4217,0.02,0.22146,0,0,TRUE,0,0,0,NaN
34012,-1.783,0.157,-421.921,-0.0007,0.9067,-0.0006,-0.4217,0.01,0.22146,0,0,TRUE,0,0,0,NaN
34081,-1.783,0.157,-421.921,-0.0007,0.9067,-0.0006,-0.4217,0.02,0.22146,0,0,TRUE,0,0,0,NaN
34145,-1.783,0.157,-421.921,-0.0007,0.9067,-0.0007,-0.4218,0.02,0.22146,0,0,TRUE,0,0,0,NaN
34211,-1.782,0.157,-421.921,-0.0007,0.9067,-0.0007,-0.4218,0.02,0.22146,0,0,TRUE,0,0,0,0
34278,-1.782,0.157,-421.921,-0.0007,0.9067,-0.0007,-0.4219,0.02,0.22146,0,0,TRUE,0,0,0,NaN
34348,-1.782,0.157,-421.922,-0.0007,0.9066,-0.0007,-0.4219,0.02,0.22146,0,0,TRUE,0,0,0,0
34441,-1.782,0.157,-421.922,-0.0007,0.9066,-0.0007,-0.422,0.01,0.22146,0,0,TRUE,0,0,0,NaN
34500,-1.782,0.157,-421.922,-0.0008,0.9066,-0.0007,-0.422,0.01,0.22146,0,0,TRUE,0,0,0,NaN
34566,-1.782,0.157,-421.922,-0.0008,0.9066,-0.0006,-0.422,0.01,0.22146,0,0,TRUE,0,0,0,NaN
34632,-1.782,0.157,-421.922,-0.0008,0.9066,-0.0006,-0.4221,0.02,0.22146,0,0,TRUE,0,0,0,NaN
34696,-1.781,0.157,-421.922,-0.0007,0.9066,-0.0006,-0.4221,0.02,0.22146,0,0,TRUE,0,0,0,0
34761,-1.781,0.157,-421.922,-0.0007,0.9065,-0.0006,-0.4221,0.02,0.22146,0,0,TRUE,0,0,0,NaN
34827,-1.781,0.157,-421.922,-0.0007,0.9065,-0.0006,-0.4222,0.02,0.22146,0,0,TRUE,0,0,0,NaN
34885,-1.781,0.157,-421.922,-0.0007,0.9065,-0.0007,-0.4222,0.02,0.22146,0,0,TRUE,0,0,0,NaN
34953,-1.781,0.157,-421.923,-0.0007,0.9065,-0.0007,-0.4222,0.02,0.22146,0,0,TRUE,0,0,0,0
35017,-1.781,0.157,-421.923,-0.0007,0.9065,-0.0007,-0.4223,0.02,0.22146,0,0,TRUE,0,0,0,NaN
35071,-1.78,0.157,-421.923,-0.0007,0.9064,-0.0007,-0.4223,0.02,0.22146,0,0,TRUE,0,0,0,0
35130,-1.78,0.157,-421.923,-0.0007,0.9064,-0.0007,-0.4224,0.02,0.22146,0,0,TRUE,0,0,0,NaN
35202,-1.78,0.157,-421.923,-0.0007,0.9064,-0.0007,-0.4224,0.02,0.22146,0,0,TRUE,0,0,0,NaN
35267,-1.78,0.157,-421.923,-0.0007,0.9064,-0.0007,-0.4225,0.02,0.22146,0,0,TRUE,0,0,0,NaN
35331,-1.78,0.157,-421.923,-0.0007,0.9064,-0.0007,-0.4225,0.01,0.22146,0,0,TRUE,0,0,0,NaN
35397,-1.78,0.157,-421.924,-0.0008,0.9063,-0.0007,-0.4225,0.01,0.22146,0,0,TRUE,0,0,0,0
35459,-1.78,0.157,-421.924,-0.0008,0.9063,-0.0007,-0.4226,0.01,0.22146,0,0,TRUE,0,0,0,NaN
35519,-1.78,0.157,-421.924,-0.0008,0.9063,-0.0006,-0.4226,0.02,0.22146,0,0,TRUE,0,0,0,NaN
35585,-1.779,0.157,-421.924,-0.0007,0.9063,-0.0006,-0.4226,0.02,0.22146,0,0,TRUE,0,0,0,0
35650,-1.779,0.157,-421.924,-0.0007,0.9063,-0.0006,-0.4227,0.02,0.22146,0,0,TRUE,0,0,0,NaN
35714,-1.779,0.157,-421.924,-0.0007,0.9063,-0.0006,-0.4227,0.02,0.22146,0,0,TRUE,0,0,0,NaN
35781,-1.779,0.157,-421.924,-0.0006,0.9062,-0.0007,-0.4228,0.02,0.22146,0,0,TRUE,0,0,0,NaN
35846,-1.779,0.157,-421.924,-0.0007,0.9062,-0.0007,-0.4228,0.02,0.22146,0,0,TRUE,0,0,0,NaN
35913,-1.779,0.157,-421.924,-0.0007,0.9062,-0.0007,-0.4228,0.02,0.22146,0,0,TRUE,0,0,0,NaN
35981,-1.778,0.157,-421.925,-0.0007,0.9062,-0.0007,-0.4229,0.02,0.22146,0,0,TRUE,0,0,0,0
36056,-1.778,0.157,-421.925,-0.0007,0.9062,-0.0007,-0.4229,0.02,0.22146,0,0,TRUE,0,0,0,NaN
36121,-1.778,0.157,-421.925,-0.0007,0.9061,-0.0007,-0.423,0.02,0.22146,0,0,TRUE,0,0,0,NaN
36177,-1.778,0.157,-421.925,-0.0007,0.9061,-0.0007,-0.423,0.02,0.22146,0,0,TRUE,0,0,0,NaN
36244,-1.778,0.157,-421.925,-0.0007,0.9061,-0.0007,-0.4231,0.02,0.22146,0,0,TRUE,0,0,0,NaN
36303,-1.778,0.157,-421.925,-0.0007,0.9061,-0.0007,-0.4231,0.02,0.22146,0,0,TRUE,0,0,0,NaN
36364,-1.777,0.157,-421.925,-0.0007,0.9061,-0.0007,-0.4231,0.02,0.22146,0,0,TRUE,0,0,0,0
36435,-1.777,0.157,-421.925,-0.0007,0.906,-0.0007,-0.4232,0.02,0.22146,0,0,TRUE,0,0,0,NaN
36491,-1.777,0.157,-421.926,-0.0007,0.906,-0.0007,-0.4232,0.02,0.22146,0,0,TRUE,0,0,0,0
36554,-1.777,0.157,-421.926,-0.0007,0.906,-0.0007,-0.4233,0.02,0.22146,0,0,TRUE,0,0,0,NaN
36617,-1.777,0.157,-421.926,-0.0007,0.906,-0.0007,-0.4233,0.02,0.22146,0,0,TRUE,0,0,0,NaN
36683,-1.777,0.157,-421.926,-0.0007,0.906,-0.0007,-0.4234,0.02,0.22146,0,0,TRUE,0,0,0,NaN
36750,-1.776,0.157,-421.926,-0.0007,0.9059,-0.0007,-0.4234,0.02,0.22146,0,0,TRUE,0,0,0,0
36814,-1.776,0.157,-421.926,-0.0007,0.9059,-0.0007,-0.4235,0.02,0.22146,0,0,TRUE,0,0,0,NaN
36879,-1.776,0.157,-421.926,-0.0007,0.9059,-0.0007,-0.4235,0.02,0.22146,0,0,TRUE,0,0,0,NaN
36945,-1.776,0.157,-421.927,-0.0007,0.9059,-0.0007,-0.4236,0.02,0.22146,0,0,TRUE,0,0,0,0
37010,-1.776,0.157,-421.927,-0.0007,0.9058,-0.0007,-0.4236,0.02,0.22146,0,0,TRUE,0,0,0,NaN
37080,-1.776,0.157,-421.927,-0.0007,0.9058,-0.0007,-0.4236,0.02,0.22146,0,0,TRUE,0,0,0,NaN
37144,-1.775,0.157,-421.927,-0.0007,0.9058,-0.0007,-0.4237,0.02,0.22146,0,0,TRUE,0,0,0,0
37210,-1.775,0.157,-421.927,-0.0007,0.9058,-0.0007,-0.4237,0.02,0.22146,0,0,TRUE,0,0,0,NaN
37274,-1.775,0.157,-421.927,-0.0007,0.9058,-0.0007,-0.4238,0.02,0.22146,0,0,TRUE,0,0,0,NaN
37345,-1.775,0.157,-421.927,-0.0007,0.9057,-0.0007,-0.4238,0.02,0.22146,0,0,TRUE,0,0,0,NaN
37411,-1.775,0.157,-421.928,-0.0007,0.9057,-0.0007,-0.4239,0.02,0.22146,0,0,TRUE,0,0,0,0
37476,-1.775,0.157,-421.928,-0.0007,0.9057,-0.0007,-0.4239,0.02,0.22146,0,0,TRUE,0,0,0,NaN
37542,-1.774,0.157,-421.928,-0.0007,0.9057,-0.0007,-0.424,0.02,0.22146,0,0,TRUE,0,0,0,0
37608,-1.774,0.157,-421.928,-0.0007,0.9057,-0.0007,-0.424,0.02,0.22146,0,0,TRUE,0,0,0,NaN
37675,-1.774,0.157,-421.928,-0.0007,0.9056,-0.0007,-0.4241,0.02,0.22146,0,0,TRUE,0,0,0,NaN
37742,-1.774,0.157,-421.928,-0.0007,0.9056,-0.0007,-0.4241,0.02,0.22146,0,0,TRUE,0,0,0,NaN
37810,-1.774,0.157,-421.928,-0.0007,0.9056,-0.0007,-0.4241,0.02,0.22146,0,0,TRUE,0,0,0,NaN
37874,-1.774,0.157,-421.929,-0.0007,0.9056,-0.0007,-0.4242,0.02,0.22146,0,0,TRUE,0,0,0,0
37944,-1.773,0.157,-421.929,-0.0007,0.9055,-0.0007,-0.4242,0.02,0.22146,0,0,TRUE,0,0,0,0
38013,-1.773,0.157,-421.929,-0.0007,0.9055,-0.0007,-0.4243,0.02,0.22146,0,0,TRUE,0,0,0,NaN
38077,-1.773,0.157,-421.929,-0.0007,0.9055,-0.0007,-0.4243,0.02,0.22146,0,0,TRUE,0,0,0,NaN
38143,-1.773,0.157,-421.929,-0.0007,0.9055,-0.0007,-0.4244,0.02,0.22146,0,0,TRUE,0,0,0,NaN
38213,-1.773,0.157,-421.929,-0.0007,0.9055,-0.0007,-0.4244,0.02,0.22146,0,0,TRUE,0,0,0,NaN
38279,-1.773,0.157,-421.929,-0.0007,0.9054,-0.0007,-0.4245,0.02,0.22146,0,0,TRUE,0,0,0,NaN
38366,-1.772,0.157,-421.93,-0.0007,0.9054,-0.0007,-0.4245,0.02,0.22146,0,0,TRUE,0,0,0,0
38427,-1.772,0.157,-421.93,-0.0007,0.9054,-0.0007,-0.4246,0.02,0.22146,0,0,TRUE,0,0,0,NaN
38488,-1.772,0.157,-421.93,-0.0007,0.9054,-0.0007,-0.4246,0.02,0.22146,0,0,TRUE,0,0,0,NaN
38554,-1.772,0.157,-421.93,-0.0007,0.9054,-0.0007,-0.4246,0.02,0.22146,0,0,TRUE,0,0,0,NaN
38618,-1.772,0.157,-421.93,-0.0007,0.9053,-0.0007,-0.4247,0.02,0.22146,0,0,TRUE,0,0,0,NaN
38680,-1.772,0.157,-421.93,-0.0007,0.9053,-0.0007,-0.4247,0.02,0.22146,0,0,TRUE,0,0,0,NaN
38747,-1.771,0.157,-421.93,-0.0007,0.9053,-0.0007,-0.4248,0.02,0.22146,0,0,TRUE,0,0,0,0
38812,-1.771,0.157,-421.931,-0.0007,0.9053,-0.0007,-0.4248,0.02,0.22146,0,0,TRUE,0,0,0,0
38876,-1.771,0.157,-421.931,-0.0007,0.9053,-0.0007,-0.4249,0.02,0.22146,0,0,TRUE,0,0,0,NaN
38942,-1.771,0.157,-421.931,-0.0007,0.9052,-0.0007,-0.4249,0.02,0.22146,0,0,TRUE,0,0,0,NaN
39008,-1.771,0.157,-421.931,-0.0007,0.9052,-0.0007,-0.425,0.02,0.22146,0,0,TRUE,0,0,0,NaN
39075,-1.771,0.157,-421.931,-0.0007,0.9052,-0.0007,-0.425,0.02,0.22146,0,0,TRUE,0,0,0,NaN
39142,-1.77,0.157,-421.931,-0.0007,0.9052,-0.0007,-0.4251,0.02,0.22146,0,0,TRUE,0,0,0,0
39209,-1.77,0.157,-421.931,-0.0007,0.9051,-0.0007,-0.4251,0.02,0.22146,0,0,TRUE,0,0,0,NaN
39275,-1.77,0.157,-421.932,-0.0007,0.9051,-0.0007,-0.4251,0.02,0.22146,0,0,TRUE,0,0,0,0
39345,-1.77,0.157,-421.932,-0.0007,0.9051,-0.0007,-0.4252,0.02,0.22146,0,0,TRUE,0,0,0,NaN
39412,-1.77,0.157,-421.932,-0.0007,0.9051,-0.0007,-0.4252,0.02,0.22146,0,0,TRUE,0,0,0,NaN
39478,-1.77,0.157,-421.932,-0.0007,0.9051,-0.0007,-0.4253,0.02,0.22146,0,0,TRUE,0,0,0,NaN
39545,-1.769,0.157,-421.932,-0.0006,0.905,-0.0007,-0.4253,0.02,0.22146,0,0,TRUE,0,0,0,0
39637,-1.769,0.157,-421.932,-0.0006,0.905,-0.0007,-0.4254,0.02,0.22146,0,0,TRUE,0,0,0,NaN
39715,-1.769,0.157,-421.932,-0.0006,0.905,-0.0007,-0.4254,0.02,0.22146,0,0,TRUE,0,0,0,NaN
39779,-1.769,0.157,-421.932,-0.0006,0.905,-0.0007,-0.4255,0.02,0.22146,0,0,TRUE,0,0,0,NaN
39845,-1.769,0.157,-421.933,-0.0006,0.905,-0.0007,-0.4255,0.02,0.22146,0,0,TRUE,0,0,0,0
39914,-1.769,0.157,-421.933,-0.0006,0.9049,-0.0007,-0.4256,0.02,0.22146,0,0,TRUE,0,0,0,NaN
39982,-1.768,0.157,-421.933,-0.0006,0.9049,-0.0007,-0.4256,0.02,0.22146,0,0,TRUE,0,0,0,0
40049,-1.768,0.157,-421.933,-0.0006,0.9049,-0.0007,-0.4256,0.02,0.22146,0,0,TRUE,0,0,0,NaN
40115,-1.768,0.157,-421.933,-0.0006,0.9049,-0.0007,-0.4257,0.02,0.22146,0,0,TRUE,0,0,0,NaN
40179,-1.768,0.157,-421.933,-0.0006,0.9048,-0.0007,-0.4257,0.02,0.22146,0,0,TRUE,0,0,0,NaN
40244,-1.768,0.157,-421.933,-0.0006,0.9048,-0.0007,-0.4258,0.02,0.22146,0,0,TRUE,0,0,0,NaN
40310,-1.768,0.157,-421.934,-0.0006,0.9048,-0.0007,-0.4258,0.02,0.22146,0,0,TRUE,0,0,0,0
40378,-1.767,0.157,-421.934,-0.0006,0.9048,-0.0007,-0.4259,0.02,0.22146,0,0,TRUE,0,0,0,0
40444,-1.767,0.157,-421.934,-0.0006,0.9048,-0.0007,-0.4259,0.02,0.22146,0,0,TRUE,0,0,0,NaN
40510,-1.767,0.157,-421.934,-0.0006,0.9047,-0.0007,-0.426,0.02,0.22146,0,0,TRUE,0,0,0,NaN
40575,-1.767,0.157,-421.934,-0.0006,0.9047,-0.0007,-0.426,0.02,0.22146,0,0,TRUE,0,0,0,NaN
40643,-1.767,0.157,-421.934,-0.0006,0.9047,-0.0007,-0.426,0.02,0.22146,0,0,TRUE,0,0,0,NaN
40709,-1.767,0.157,-421.934,-0.0006,0.9047,-0.0007,-0.4261,0.02,0.22146,0,0,TRUE,0,0,0,NaN
40775,-1.766,0.157,-421.935,-0.0006,0.9047,-0.0007,-0.4261,0.02,0.22146,0,0,TRUE,0,0,0,0
40842,-1.766,0.157,-421.935,-0.0006,0.9046,-0.0007,-0.4262,0.02,0.22146,0,0,TRUE,0,0,0,NaN
40910,-1.766,0.157,-421.935,-0.0006,0.9046,-0.0007,-0.4262,0.02,0.22146,0,0,TRUE,0,0,0,NaN
40976,-1.766,0.157,-421.935,-0.0006,0.9046,-0.0007,-0.4263,0.02,0.22146,0,0,TRUE,0,0,0,NaN
41041,-1.766,0.157,-421.935,-0.0006,0.9046,-0.0007,-0.4263,0.02,0.22146,0,0,TRUE,0,0,0,NaN
41108,-1.766,0.157,-421.935,-0.0006,0.9046,-0.0007,-0.4264,0.02,0.22146,0,0,TRUE,0,0,0,NaN
41175,-1.766,0.157,-421.935,-0.0006,0.9045,-0.0007,-0.4264,0.02,0.22146,0,0,TRUE,0,0,0,NaN
41244,-1.765,0.157,-421.936,-0.0006,0.9045,-0.0007,-0.4264,0.02,0.22146,0,0,TRUE,0,0,0,0
41313,-1.765,0.157,-421.936,-0.0006,0.9045,-0.0007,-0.4265,0.02,0.22146,0,0,TRUE,0,0,0,NaN
41369,-1.765,0.157,-421.936,-0.0006,0.9045,-0.0007,-0.4265,0.02,0.22146,0,0,TRUE,0,0,0,NaN
41440,-1.765,0.157,-421.936,-0.0006,0.9045,-0.0007,-0.4266,0.02,0.22146,0,0,TRUE,0,0,0,NaN
41495,-1.765,0.157,-421.936,-0.0006,0.9044,-0.0007,-0.4266,0.02,0.22146,0,0,TRUE,0,0,0,NaN
41571,-1.765,0.157,-421.936,-0.0006,0.9044,-0.0007,-0.4267,0.02,0.22146,0,0,TRUE,0,0,0,NaN
41625,-1.764,0.157,-421.936,-0.0006,0.9044,-0.0007,-0.4267,0.02,0.22146,0,0,TRUE,0,0,0,0
41696,-1.764,0.157,-421.936,-0.0006,0.9044,-0.0007,-0.4267,0.02,0.22146,0,0,TRUE,0,0,0,NaN
41753,-1.764,0.157,-421.937,-0.0006,0.9043,-0.0007,-0.4268,0.02,0.22146,0,0,TRUE,0,0,0,0
41820,-1.764,0.157,-421.937,-0.0006,0.9043,-0.0007,-0.4268,0.02,0.22146,0,0,TRUE,0,0,0,NaN
41887,-1.764,0.157,-421.937,-0.0006,0.9043,-0.0007,-0.4269,0.02,0.22146,0,0,TRUE,0,0,0,NaN
41951,-1.764,0.157,-421.937,-0.0006,0.9043,-0.0007,-0.4269,0.02,0.22146,0,0,TRUE,0,0,0,NaN
42015,-1.763,0.157,-421.937,-0.0006,0.9043,-0.0007,-0.427,0.02,0.22146,0,0,TRUE,0,0,0,0
42080,-1.763,0.157,-421.937,-0.0006,0.9042,-0.0007,-0.427,0.02,0.22146,0,0,TRUE,0,0,0,NaN
42145,-1.763,0.157,-421.937,-0.0006,0.9042,-0.0007,-0.4271,0.02,0.22146,0,0,TRUE,0,0,0,NaN
42213,-1.763,0.157,-421.938,-0.0006,0.9042,-0.0007,-0.4271,0.02,0.22146,0,0,TRUE,0,0,0,0
42280,-1.763,0.157,-421.938,-0.0006,0.9042,-0.0007,-0.4271,0.02,0.22146,0,0,TRUE,0,0,0,NaN
42366,-1.763,0.157,-421.938,-0.0006,0.9042,-0.0007,-0.4272,0.02,0.22146,0,0,TRUE,0,0,0,NaN
42433,-1.763,0.157,-421.938,-0.0006,0.9041,-0.0007,-0.4272,0.02,0.22146,0,0,TRUE,0,0,0,NaN
42499,-1.762,0.157,-421.938,-0.0006,0.9041,-0.0007,-0.4273,0.02,0.22146,0,0,TRUE,0,0,0,0
42609,-1.762,0.157,-421.938,-0.0006,0.9041,-0.0007,-0.4273,0.02,0.22146,0,0,TRUE,0,0,0,NaN
42712,-1.762,0.157,-421.938,-0.0006,0.9041,-0.0007,-0.4274,0.02,0.22146,0,0,TRUE,0,0,0,NaN
42788,-1.762,0.157,-421.938,-0.0006,0.9041,-0.0007,-0.4274,0.02,0.22146,0,0,TRUE,0,0,0,NaN
42842,-1.762,0.157,-421.939,-0.0006,0.904,-0.0007,-0.4274,0.02,0.22146,0,0,TRUE,0,0,0,0
42899,-1.762,0.157,-421.939,-0.0006,0.904,-0.0007,-0.4275,0.02,0.22146,0,0,TRUE,0,0,0,NaN
42952,-1.761,0.157,-421.939,-0.0006,0.904,-0.0007,-0.4275,0.02,0.22146,0,0,TRUE,0,0,0,0
43006,-1.761,0.157,-421.939,-0.0006,0.904,-0.0007,-0.4276,0.02,0.22146,0,0,TRUE,0,0,0,NaN
43060,-1.761,0.157,-421.939,-0.0006,0.904,-0.0007,-0.4276,0.02,0.22146,0,0,TRUE,0,0,0,NaN
43113,-1.761,0.157,-421.939,-0.0006,0.9039,-0.0007,-0.4277,0.02,0.22146,0,0,TRUE,0,0,0,NaN
43168,-1.761,0.157,-421.939,-0.0006,0.9039,-0.0007,-0.4277,0.02,0.22146,0,0,TRUE,0,0,0,NaN
43222,-1.761,0.157,-421.939,-0.0006,0.9039,-0.0007,-0.4278,0.02,0.22146,0,0,TRUE,0,0,0,NaN
43276,-1.761,0.157,-421.94,-0.0006,0.9039,-0.0007,-0.4278,0.02,0.22146,0,0,TRUE,0,0,0,0
43330,-1.76,0.157,-421.94,-0.0006,0.9039,-0.0007,-0.4278,0.02,0.22146,0,0,TRUE,0,0,0,0
43384,-1.76,0.157,-421.94,-0.0006,0.9038,-0.0007,-0.4279,0.02,0.22146,0,0,TRUE,0,0,0,NaN
43438,-1.76,0.157,-421.94,-0.0006,0.9038,-0.0007,-0.4279,0.02,0.22146,0,0,TRUE,0,0,0,NaN
43492,-1.76,0.157,-421.94,-0.0006,0.9038,-0.0007,-0.428,0.02,0.22146,0,0,TRUE,0,0,0,NaN
43547,-1.76,0.157,-421.94,-0.0006,0.9038,-0.0007,-0.428,0.02,0.22146,0,0,TRUE,0,0,0,NaN
43601,-1.76,0.157,-421.94,-0.0006,0.9038,-0.0007,-0.4281,0.02,0.22146,0,0,TRUE,0,0,0,NaN
43655,-1.76,0.157,-421.941,-0.0006,0.9037,-0.0007,-0.4281,0.02,0.22146,0,0,TRUE,0,0,0,0
43709,-1.759,0.157,-421.941,-0.0006,0.9037,-0.0007,-0.4281,0.02,0.22146,0,0,TRUE,0,0,0,0
43762,-1.759,0.157,-421.941,-0.0006,0.9037,-0.0007,-0.4282,0.02,0.22146,0,0,TRUE,0,0,0,NaN
43820,-1.759,0.157,-421.941,-0.0006,0.9037,-0.0007,-0.4282,0.02,0.22146,0,0,TRUE,0,0,0,NaN
43874,-1.759,0.157,-421.941,-0.0006,0.9037,-0.0007,-0.4283,0.02,0.22146,0,0,TRUE,0,0,0,NaN
43929,-1.759,0.157,-421.941,-0.0006,0.9036,-0.0007,-0.4283,0.02,0.22146,0,0,TRUE,0,0,0,NaN
43984,-1.759,0.157,-421.941,-0.0006,0.9036,-0.0007,-0.4284,0.02,0.22146,0,0,TRUE,0,0,0,NaN
44038,-1.759,0.157,-421.941,-0.0006,0.9036,-0.0007,-0.4284,0.02,0.22146,0,0,TRUE,0,0,0,NaN
44093,-1.758,0.157,-421.942,-0.0005,0.9036,-0.0007,-0.4285,0.03,0.22146,0,0,TRUE,0,0,0,0.036132116
44149,-1.758,0.157,-421.942,-0.0002,0.9036,-0.0008,-0.4284,0.03,0.22146,0,0,TRUE,0,0,0,NaN
44204,-1.758,0.156,-421.942,0.0001,0.9036,-0.0011,-0.4283,0.04,0.22146,0,0,TRUE,0,0,0,0
44259,-1.758,0.156,-421.941,0.0001,0.9036,-0.0011,-0.4284,0.01,0.22146,0,0,TRUE,0,0,0,0
44311,-1.758,0.156,-421.941,0.0,0.9035,-0.001,-0.4286,0.07,0.22146,0,0,TRUE,0,0,0,NaN
44366,-1.759,0.156,-421.941,0.0001,0.9035,-0.0012,-0.4287,0.02,0.22146,0,0,TRUE,0,0,0,-0.25252527
44420,-1.759,0.156,-421.94,0.0001,0.9034,-0.0012,-0.4288,0.02,0.22146,0,0,TRUE,0,0,0,0
44476,-1.759,0.156,-421.94,0.0002,0.9034,-0.0012,-0.4289,0.01,0.22146,0,0,TRUE,0,0,0,NaN
44529,-1.759,0.156,-421.94,0.0002,0.9033,-0.0011,-0.4289,0.03,0.22146,0,0,TRUE,0,0,0,NaN
44584,-1.759,0.156,-421.939,0.0002,0.9033,-0.0011,-0.429,0.05,0.22146,0,0,TRUE,0,0,0,0
44638,-1.76,0.156,-421.939,0.0002,0.9032,-0.0011,-0.4292,0.03,0.22146,0,0,TRUE,0,0,0,-0.10288067
44691,-1.76,0.156,-421.939,0.0002,0.9032,-0.0011,-0.4292,0.03,0.22146,0,0,TRUE,0,0,0,NaN
44745,-1.76,0.156,-421.939,0.0003,0.9032,-0.001,-0.4293,0.01,0.22146,0,0,TRUE,0,0,0,NaN
44805,-1.76,0.156,-421.938,0.0003,0.9031,-0.001,-0.4293,0.04,0.22146,0,0,TRUE,0,0,0,0
44860,-1.76,0.156,-421.938,0.0003,0.9031,-0.001,-0.4294,0.02,0.22146,0,0,TRUE,0,0,0,NaN
44916,-1.76,0.156,-421.938,0.0004,0.9031,-0.001,-0.4295,0,0.22146,0,0,TRUE,0,0,0,NaN
44983,-1.761,0.156,-421.938,0.0004,0.9031,-0.001,-0.4295,0.01,0.22146,0,0,TRUE,0,0,0,0.04145937
45050,-1.761,0.156,-421.938,0.0004,0.903,-0.001,-0.4296,0.01,0.22146,0,0,TRUE,0,0,0,NaN
45137,-1.761,0.156,-421.937,0.0003,0.903,-0.001,-0.4297,0.03,0.22146,0,0,TRUE,0,0,0,0
45265,-1.761,0.156,-421.937,0.0004,0.9029,-0.001,-0.4297,0.01,0.22146,0,0,TRUE,0,0,0,NaN
45390,-1.761,0.156,-421.937,0.0005,0.903,-0.0011,-0.4297,0.02,0.22146,0,0,TRUE,0,0,0,NaN
45497,-1.761,0.156,-421.937,0.0005,0.9029,-0.001,-0.4298,0,0.22146,0,0,TRUE,0,0,0,NaN
45589,-1.761,0.156,-421.937,0.0004,0.9029,-0.001,-0.4298,0,0.22146,0,0,TRUE,0,0,0,NaN
45658,-1.761,0.156,-421.937,0.0004,0.9029,-0.001,-0.4299,0.01,0.22146,0,0,TRUE,0,0,0,NaN
45731,-1.761,0.156,-421.937,0.0004,0.9029,-0.0009,-0.4299,0,0.22146,0,0,TRUE,0,0,0,NaN
45805,-1.761,0.156,-421.936,0.0004,0.9029,-0.0008,-0.4299,0.02,0.22146,0,0,TRUE,0,0,0,0
45874,-1.761,0.156,-421.936,0.0003,0.9028,-0.0006,-0.4301,0.01,0.22146,0,0,TRUE,0,0,0,NaN
45929,-1.761,0.155,-421.937,0.0004,0.9028,-0.0004,-0.4301,0.02,0.22146,0,0,TRUE,0,0,0,0
46004,-1.762,0.155,-421.936,0.0004,0.9028,-0.0003,-0.4301,0.05,0.22146,0,0,TRUE,0,0,0,0.07828693
46088,-1.762,0.155,-421.936,0.0006,0.9028,-0.0004,-0.4301,0.02,0.22146,0,0,TRUE,0,0,0,NaN
46155,-1.762,0.154,-421.936,0.0006,0.9027,-0.0003,-0.4302,0.01,0.22146,0,0,TRUE,0,0,0,0
46221,-1.762,0.154,-421.936,0.0005,0.9027,-0.0002,-0.4303,0.04,0.22146,0,0,TRUE,0,0,0,NaN
46321,-1.762,0.154,-421.936,0.0005,0.9027,-0.0002,-0.4303,0.02,0.22146,0,0,TRUE,0,0,0,NaN
46381,-1.763,0.154,-421.936,0.0006,0.9027,-0.0001,-0.4303,0.03,0.22146,0,0,TRUE,0,0,0,0.046296295
46440,-1.763,0.154,-421.936,0.0008,0.9027,-0.0001,-0.4302,0.02,0.22146,0,0,TRUE,0,0,0,NaN
46516,-1.763,0.154,-421.936,0.0008,0.9028,-0.0002,-0.4302,0.01,0.22146,0,0,TRUE,0,0,0,NaN
46596,-1.763,0.154,-421.936,0.0009,0.9028,-0.0002,-0.4301,0.01,0.22146,0,0,TRUE,0,0,0,NaN
46654,-1.763,0.154,-421.936,0.0009,0.9028,-0.0001,-0.4301,0,0.22146,0,0,TRUE,0,0,0,NaN
46714,-1.763,0.154,-421.936,0.0009,0.9028,-0.0001,-0.4301,0.01,0.22146,0,0,TRUE,0,0,0,NaN
46775,-1.763,0.154,-421.936,0.0008,0.9028,-0.0001,-0.4301,0.02,0.22146,0,0,TRUE,0,0,0,NaN
46850,-1.763,0.155,-421.936,0.0008,0.9028,0.0,-0.4301,0.02,0.22146,0,0,TRUE,0,0,0,0
46917,-1.763,0.155,-421.937,0.0007,0.9027,0.0,-0.4302,0,0.22146,0,0,TRUE,0,0,0,0
46985,-1.763,0.155,-421.937,0.0007,0.9027,0.0,-0.4302,0.01,0.22146,0,0,TRUE,0,0,0,NaN
47053,-1.763,0.155,-421.937,0.0007,0.9028,0.0,-0.4302,0.01,0.22146,0,0,TRUE,0,0,0,NaN
47119,-1.763,0.155,-421.937,0.0007,0.9028,0.0,-0.4302,0,0.22146,0,0,TRUE,0,0,0,NaN
47176,-1.763,0.155,-421.937,0.0007,0.9027,0.0,-0.4302,0,0.22146,0,0,TRUE,0,0,0,NaN
47237,-1.763,0.154,-421.937,0.0007,0.9027,0.0,-0.4302,0.01,0.22146,0,0,TRUE,0,0,0,0
47308,-1.763,0.154,-421.937,0.0007,0.9027,0.0,-0.4302,0.02,0.22146,0,0,TRUE,0,0,0,NaN
47376,-1.763,0.154,-421.937,0.0007,0.9027,0.0,-0.4302,0,0.22146,0,0,TRUE,0,0,0,NaN
47450,-1.763,0.154,-421.936,0.0007,0.9027,0.0,-0.4302,0,0.22146,0,0,TRUE,0,0,0,0
47527,-1.763,0.154,-421.936,0.0008,0.9027,0.0,-0.4302,0,0.22146,0,0,TRUE,0,0,0,NaN
47606,-1.763,0.154,-421.936,0.0007,0.9027,0.0,-0.4302,0.01,0.22146,0,0,TRUE,0,0,0,NaN
47660,-1.763,0.154,-421.936,0.0007,0.9027,0.0,-0.4302,0,0.22146,0,0,TRUE,0,0,0,NaN
47734,-1.763,0.154,-421.936,0.0007,0.9027,0.0,-0.4303,0,0.22146,0,0,TRUE,0,0,0,NaN
47800,-1.763,0.154,-421.936,0.0007,0.9027,0.0,-0.4303,0.01,0.22146,0,0,TRUE,0,0,0,NaN
47866,-1.763,0.154,-421.936,0.0007,0.9027,0.0,-0.4303,0.01,0.22146,0,0,TRUE,0,0,0,NaN
47931,-1.763,0.154,-421.936,0.0008,0.9027,0.0,-0.4303,0.01,0.22146,0,0,TRUE,0,0,0,NaN
47993,-1.763,0.154,-421.936,0.0008,0.9027,0.0,-0.4303,0.01,0.22146,0,0,TRUE,0,0,0,NaN
48050,-1.763,0.154,-421.936,0.0008,0.9026,0.0,-0.4304,0,0.22146,0,0,TRUE,0,0,0,NaN
48117,-1.763,0.154,-421.936,0.0008,0.9026,0.0001,-0.4305,0.01,0.22146,0,0,TRUE,0,0,0,NaN
48189,-1.763,0.154,-421.936,0.0008,0.9026,0.0001,-0.4306,0.02,0.22146,0,0,TRUE,0,0,0,NaN
48260,-1.764,0.154,-421.936,0.0008,0.9025,0.0001,-0.4306,0.02,0.22146,0,0,TRUE,0,0,0,0
48333,-1.764,0.154,-421.935,0.0007,0.9025,0.0002,-0.4307,0.01,0.22146,0,0,TRUE,0,0,0,0
48415,-1.764,0.154,-421.935,0.0008,0.9025,0.0001,-0.4307,0.01,0.22146,0,0,TRUE,0,0,0,NaN
48478,-1.764,0.154,-421.935,0.0008,0.9025,0.0001,-0.4306,0.01,0.22146,0,0,TRUE,0,0,0,NaN
48562,-1.764,0.154,-421.935,0.0009,0.9025,0.0001,-0.4307,0.01,0.22146,0,0,TRUE,0,0,0,NaN
48639,-1.764,0.154,-421.935,0.0009,0.9025,0.0001,-0.4307,0.01,0.22146,0,0,TRUE,0,0,0,NaN
48729,-1.764,0.154,-421.935,0.001,0.9025,0.0,-0.4307,0.01,0.22146,0,0,TRUE,0,0,0,NaN
48801,-1.764,0.154,-421.935,0.001,0.9025,0.0,-0.4307,0,0.22146,0,0,TRUE,0,0,0,NaN
48871,-1.764,0.154,-421.935,0.0009,0.9025,0.0001,-0.4308,0,0.22146,0,0,TRUE,0,0,0,NaN
48927,-1.764,0.154,-421.935,0.0008,0.9024,0.0002,-0.4309,0.02,0.22146,0,0,TRUE,0,0,0,NaN
48988,-1.764,0.154,-421.935,0.0008,0.9024,0.0002,-0.4309,0,0.22146,0,0,TRUE,0,0,0,NaN
49054,-1.764,0.154,-421.935,0.0008,0.9024,0.0002,-0.4309,0,0.22146,0,0,TRUE,0,0,0,NaN
49122,-1.764,0.154,-421.934,0.0008,0.9024,0.0002,-0.431,0.01,0.22146,0,0,TRUE,0,0,0,0
49177,-1.764,0.154,-421.934,0.0008,0.9024,0.0002,-0.431,0.01,0.22146,0,0,TRUE,0,0,0,NaN
49245,-1.765,0.154,-421.934,0.0008,0.9023,0.0002,-0.4311,0.02,0.22146,0,0,TRUE,0,0,0,0.040849674
49313,-1.765,0.154,-421.934,0.0008,0.9023,0.0002,-0.4311,0.02,0.22146,0,0,TRUE,0,0,0,NaN
49373,-1.765,0.154,-421.934,0.0009,0.9023,0.0001,-0.4311,0.02,0.22146,0,0,TRUE,0,0,0,NaN
49446,-1.765,0.154,-421.934,0.001,0.9023,0.0001,-0.4311,0.01,0.22146,0,0,TRUE,0,0,0,NaN
49517,-1.765,0.154,-421.934,0.001,0.9023,0.0001,-0.4311,0.01,0.22146,0,0,TRUE,0,0,0,NaN
